id,ts,market_id,market_title,mode,side,contracts,entry_price_cents,trade_amount_dollars,confidence_score,model_prob,implied_prob,btc_price_at_entry,strike,seconds_left_at_entry,fill_confirmed,exit_price_cents,exit_reason,outcome,pnl_dollars,profit_percent,order_id,asset,raw_p_yes,entry_signals,calibrated_p_yes,signal_name,strategy_variant,strategy_version,brain
2888,2026-06-23T20:57:53Z,KXSOL15M-26JUN231700-00,KXSOL15M-26JUN231700-00,paper,no,82,29,23.78,50,0.5,0.29,68.89,68.8977,126,1,100,expiry,win,57.03,244.83,paper_1782248273451,SOL,0.5,"{""win_prob"": 0.5, ""ev"": 0.21000000000000002, ""abs_pct"": 0.00011175989909677418}",,,strategy1,,s1
2887,2026-06-23T20:57:42Z,KXXRP15M-26JUN231700-00,KXXRP15M-26JUN231700-00,paper,no,63,38,23.94,50,0.5,0.38,1.10285,1.103,137,1,100,expiry,win,38.02,163.16,paper_1782248262932,XRP,0.5,"{""win_prob"": 0.5, ""ev"": 0.12, ""abs_pct"": 4.533091568439118e-05}",,,strategy1,,s1
2886,2026-06-23T18:48:37Z,KXETH15M-26JUN231500-00,KXETH15M-26JUN231500-00,paper,no,82,29,23.78,52,0.5241166644892205,0.29,1647.91,1648.88,683,1,0,expiry,loss,-24.97,-100.0,paper_1782240517185,ETH,0.47588333551077955,"{""win_prob"": 0.5241166644892205, ""ev"": 0.18588333551077957, ""abs_pct"": 0.0005882781039251051}",,,strategy1,,s1
2885,2026-06-23T18:11:00Z,KXETH15M-26JUN231415-15,KXETH15M-26JUN231415-15,paper,no,64,37,23.68,50,0.5,0.37,1654.795,1654.99,239,1,0,expiry,loss,-24.73,-100.0,paper_1782238260920,ETH,0.5,"{""win_prob"": 0.5, ""ev"": 0.13, ""abs_pct"": 0.00011782548535032619}",,,strategy1,,s1
2884,2026-06-23T18:10:16Z,KXSOL15M-26JUN231415-15,KXSOL15M-26JUN231415-15,paper,no,63,38,23.94,50,0.5,0.38,68.675,68.6992,283,1,0,expiry,loss,-24.98,-100.0,paper_1782238216681,SOL,0.5,"{""win_prob"": 0.5, ""ev"": 0.12, ""abs_pct"": 0.0003522602883295227}",,,strategy1,,s1
2883,2026-06-23T17:11:24Z,KXETH15M-26JUN231315-15,KXETH15M-26JUN231315-15,paper,no,58,41,23.78,50,0.5,0.41,1657.915,1658.16,215,1,100,expiry,win,33.23,143.9,paper_1782234684684,ETH,0.5,"{""win_prob"": 0.5, ""ev"": 0.09000000000000002, ""abs_pct"": 0.00014775413711591055}",,,strategy1,,s1
2882,2026-06-23T15:42:18Z,KXSOL15M-26JUN231145-45,KXSOL15M-26JUN231145-45,paper,no,57,42,23.94,50,0.5,0.42,68.585,68.5857,162,1,0,expiry,loss,-24.92,-100.0,paper_1782229338061,SOL,0.5,"{""win_prob"": 0.5, ""ev"": 0.08000000000000002, ""abs_pct"": 1.020620916618226e-05}",,,strategy1,,s1
2881,2026-06-23T13:12:53Z,KXXRP15M-26JUN230915-15,KXXRP15M-26JUN230915-15,paper,no,88,27,23.76,50,0.5,0.27,1.09965,1.0997,126,1,0,expiry,loss,-24.98,-100.0,paper_1782220373558,XRP,0.5,"{""win_prob"": 0.5, ""ev"": 0.22999999999999998, ""abs_pct"": 4.546694553049329e-05}",,,strategy1,,s1
2880,2026-06-23T12:38:13Z,KXSOL15M-26JUN230845-45,KXSOL15M-26JUN230845-45,paper,no,57,42,23.94,50,0.5,0.42,69.085,69.0967,407,1,100,expiry,win,32.08,138.1,paper_1782218293152,SOL,0.5,"{""win_prob"": 0.5, ""ev"": 0.08000000000000002, ""abs_pct"": 0.00016932791291052548}",,,strategy1,,s1
2879,2026-06-23T12:18:11Z,KXETH15M-26JUN230830-30,KXETH15M-26JUN230830-30,paper,no,59,40,23.6,50,0.5,0.4,1655.74,1656.22,708,1,0,expiry,loss,-24.6,-100.0,paper_1782217091608,ETH,0.5,"{""win_prob"": 0.5, ""ev"": 0.09999999999999998, ""abs_pct"": 0.0002898165702624157}",,,strategy1,,s1
2878,2026-06-23T00:53:44Z,KXSOL15M-26JUN222100-00,KXSOL15M-26JUN222100-00,paper,no,66,36,23.76,51,0.5181976468554186,0.36,71.705,71.7455,375,1,0,expiry,loss,-24.83,-100.0,paper_1782176024375,SOL,0.4818023531445814,"{""win_prob"": 0.5181976468554186, ""ev"": 0.12180235314458143, ""abs_pct"": 0.0005644953342022655}",,,strategy1,,s1
2877,2026-06-22T23:23:14Z,KXETH15M-26JUN221930-30,KXETH15M-26JUN221930-30,paper,no,58,41,23.78,50,0.5,0.41,1722.325,1723.17,405,1,0,expiry,loss,-24.77,-100.0,paper_1782170594415,ETH,0.5,"{""win_prob"": 0.5, ""ev"": 0.09000000000000002, ""abs_pct"": 0.0004903752966915785}",,,strategy1,,s1
2876,2026-06-22T22:36:37Z,KXSOL15M-26JUN221845-45,KXSOL15M-26JUN221845-45,paper,no,59,40,23.6,50,0.5,0.4,71.755,71.7873,502,1,100,expiry,win,34.4,150.0,paper_1782167797993,SOL,0.5,"{""win_prob"": 0.5, ""ev"": 0.09999999999999998, ""abs_pct"": 0.0004499403097763314}",,,strategy1,,s1
2875,2026-06-22T22:09:19Z,KXETH15M-26JUN221815-15,KXETH15M-26JUN221815-15,paper,no,112,21,23.52,50,0.5,0.21,1731.005,1731.04,340,1,0,expiry,loss,-24.83,-100.0,paper_1782166159494,ETH,0.5,"{""win_prob"": 0.5, ""ev"": 0.29000000000000004, ""abs_pct"": 2.0219059062675897e-05}",,,strategy1,,s1
2874,2026-06-22T22:09:08Z,KXSOL15M-26JUN221815-15,KXSOL15M-26JUN221815-15,paper,no,63,38,23.94,50,0.5,0.38,72.63,72.6362,351,1,0,expiry,loss,-24.98,-100.0,paper_1782166148583,SOL,0.5,"{""win_prob"": 0.5, ""ev"": 0.12, ""abs_pct"": 8.53568881632969e-05}",,,strategy1,,s1
2873,2026-06-22T21:11:05Z,KXETH15M-26JUN221715-15,KXETH15M-26JUN221715-15,paper,no,57,42,23.94,50,0.5,0.42,1732.375,1732.7,234,1,0,expiry,loss,-24.92,-100.0,paper_1782162665740,ETH,0.5,"{""win_prob"": 0.5, ""ev"": 0.08000000000000002, ""abs_pct"": 0.0001875685346569201}",,,strategy1,,s1
2872,2026-06-22T19:50:58Z,KXETH15M-26JUN221600-00,KXETH15M-26JUN221600-00,paper,no,55,43,23.65,50,0.5,0.43,1731.97,1732.06,541,1,0,expiry,loss,-24.6,-100.0,paper_1782157858614,ETH,0.5,"{""win_prob"": 0.5, ""ev"": 0.07, ""abs_pct"": 5.196124845554897e-05}",,,strategy1,,s1
2871,2026-06-22T19:03:33Z,KXETH15M-26JUN221515-15,KXETH15M-26JUN221515-15,paper,no,55,43,23.65,50,0.5,0.43,1732.255,1732.44,686,1,0,expiry,loss,-24.6,-100.0,paper_1782155013730,ETH,0.5,"{""win_prob"": 0.5, ""ev"": 0.07, ""abs_pct"": 0.00010678580499177196}",,,strategy1,,s1
2870,2026-06-22T17:33:16Z,KXXRP15M-26JUN221345-45,KXXRP15M-26JUN221345-45,paper,no,55,43,23.65,50,0.5,0.43,1.13305,1.1331,703,1,0,expiry,loss,-24.6,-100.0,paper_1782149596826,XRP,0.5,"{""win_prob"": 0.5, ""ev"": 0.07, ""abs_pct"": 4.412673197432311e-05}",,,strategy1,,s1
2869,2026-06-22T17:12:48Z,KXETH15M-26JUN221315-15,KXETH15M-26JUN221315-15,paper,no,72,33,23.76,50,0.5,0.33,1738.92,1739.05,132,1,0,expiry,loss,-24.88,-100.0,paper_1782148368120,ETH,0.5,"{""win_prob"": 0.5, ""ev"": 0.16999999999999998, ""abs_pct"": 7.475345734733433e-05}",,,strategy1,,s1
2868,2026-06-22T16:27:55Z,KXSOL15M-26JUN221230-30,KXSOL15M-26JUN221230-30,paper,no,59,40,23.6,50,0.5,0.4,72.655,72.6687,124,1,0,expiry,loss,-24.6,-100.0,paper_1782145675386,SOL,0.5,"{""win_prob"": 0.5, ""ev"": 0.09999999999999998, ""abs_pct"": 0.00018852683479957734}",,,strategy1,,s1
2867,2026-06-22T16:10:39Z,KXXRP15M-26JUN221215-15,KXXRP15M-26JUN221215-15,paper,no,57,42,23.94,50,0.5,0.42,1.13875,1.1388,260,1,100,expiry,win,32.08,138.1,paper_1782144639501,XRP,0.5,"{""win_prob"": 0.5, ""ev"": 0.08000000000000002, ""abs_pct"": 4.3905865823766694e-05}",,,strategy1,,s1
2866,2026-06-22T15:40:17Z,KXETH15M-26JUN221145-45,KXETH15M-26JUN221145-45,paper,no,66,36,23.76,50,0.5,0.36,1751.425,1751.63,282,1,0,expiry,loss,-24.83,-100.0,paper_1782142817899,ETH,0.5,"{""win_prob"": 0.5, ""ev"": 0.14, ""abs_pct"": 0.00011703384847265382}",,,strategy1,,s1
2865,2026-06-22T15:09:09Z,KXSOL15M-26JUN221115-15,KXSOL15M-26JUN221115-15,paper,no,63,38,23.94,50,0.5,0.38,73.365,73.3687,350,1,0,expiry,loss,-24.98,-100.0,paper_1782140949917,SOL,0.5,"{""win_prob"": 0.5, ""ev"": 0.12, ""abs_pct"": 5.043022433284412e-05}",,,strategy1,,s1
2864,2026-06-22T15:08:46Z,KXETH15M-26JUN221115-15,KXETH15M-26JUN221115-15,paper,no,59,40,23.6,50,0.5,0.4,1752.68,1752.72,374,1,0,expiry,loss,-24.6,-100.0,paper_1782140926211,ETH,0.5,"{""win_prob"": 0.5, ""ev"": 0.09999999999999998, ""abs_pct"": 2.2821671459196916e-05}",,,strategy1,,s1
2863,2026-06-22T14:34:12Z,KXETH15M-26JUN221045-45,KXETH15M-26JUN221045-45,paper,no,63,38,23.94,50,0.5,0.38,1754.09,1754.21,647,1,100,expiry,win,38.02,163.16,paper_1782138852891,ETH,0.5,"{""win_prob"": 0.5, ""ev"": 0.12, ""abs_pct"": 6.840686120824658e-05}",,,strategy1,,s1
2862,2026-06-22T13:10:23Z,KXETH15M-26JUN220915-15,KXETH15M-26JUN220915-15,paper,no,58,41,23.78,50,0.5,0.41,1761.89,1762.42,276,1,0,expiry,loss,-24.77,-100.0,paper_1782133823467,ETH,0.5,"{""win_prob"": 0.5, ""ev"": 0.09000000000000002, ""abs_pct"": 0.00030072286969052366}",,,strategy1,,s1
2861,2026-06-22T12:58:15Z,KXETH15M-26JUN220900-00,KXETH15M-26JUN220900-00,paper,no,107,22,23.54,56,0.5615677617781302,0.22,1761.415,1762.45,104,1,100,expiry,win,82.17,354.55,paper_1782133095798,ETH,0.43843223822186983,"{""win_prob"": 0.5615677617781302, ""ev"": 0.21843223822186983, ""abs_pct"": 0.0005872507021476251}",,,strategy1,,s1
2860,2026-06-22T11:05:14Z,KXETH15M-26JUN220715-15,KXETH15M-26JUN220715-15,paper,no,98,24,23.52,50,0.5,0.24,1747.315,1747.57,586,1,0,expiry,loss,-24.78,-100.0,paper_1782126314097,ETH,0.5,"{""win_prob"": 0.5, ""ev"": 0.26, ""abs_pct"": 0.00014591690175494074}",,,strategy1,,s1
2859,2026-06-22T11:05:03Z,KXSOL15M-26JUN220715-15,KXSOL15M-26JUN220715-15,paper,no,57,42,23.94,50,0.5,0.42,73.72,73.7222,596,1,0,expiry,loss,-24.92,-100.0,paper_1782126303549,SOL,0.5,"{""win_prob"": 0.5, ""ev"": 0.08000000000000002, ""abs_pct"": 2.98417572997276e-05}",,,strategy1,,s1
2858,2026-06-21T23:58:26Z,KXETH15M-26JUN212000-00,KXETH15M-26JUN212000-00,paper,no,85,28,23.8,50,0.5,0.28,1703.705,1704.42,93,1,0,expiry,loss,-25.0,-100.0,paper_1782086306557,ETH,0.5,"{""win_prob"": 0.5, ""ev"": 0.21999999999999997, ""abs_pct"": 0.00041949754168582007}",,,strategy1,,s1
2857,2026-06-21T23:19:27Z,KXETH15M-26JUN211930-30,KXETH15M-26JUN211930-30,paper,no,57,42,23.94,50,0.5,0.42,1710.03,1710.25,632,1,0,expiry,loss,-24.92,-100.0,paper_1782083967535,ETH,0.5,"{""win_prob"": 0.5, ""ev"": 0.08000000000000002, ""abs_pct"": 0.00012863616430348036}",,,strategy1,,s1
2856,2026-06-21T22:28:16Z,KXXRP15M-26JUN211830-30,KXXRP15M-26JUN211830-30,paper,no,63,38,23.94,50,0.5,0.38,1.13165,1.1318,103,1,100,expiry,win,38.02,163.16,paper_1782080896751,XRP,0.5,"{""win_prob"": 0.5, ""ev"": 0.12, ""abs_pct"": 0.00013253224951393573}",,,strategy1,,s1
2855,2026-06-21T20:06:07Z,KXETH15M-26JUN211615-15,KXETH15M-26JUN211615-15,paper,no,70,34,23.8,50,0.5,0.34,1732.24,1732.51,533,1,100,expiry,win,45.1,194.12,paper_1782072367224,ETH,0.5,"{""win_prob"": 0.5, ""ev"": 0.15999999999999998, ""abs_pct"": 0.00015584325631597037}",,,strategy1,,s1
2854,2026-06-21T17:25:21Z,KXSOL15M-26JUN211330-30,KXSOL15M-26JUN211330-30,paper,yes,66,36,23.76,51,0.5194585588383545,0.36,74.48,74.4413,278,1,0,expiry,loss,-24.83,-100.0,paper_1782062721417,SOL,0.5194585588383545,"{""win_prob"": 0.5194585588383545, ""ev"": 0.15945855883835447, ""abs_pct"": 0.0005198727050710523}",,,strategy1,,s1
2852,2026-06-21T16:20:32Z,KXETH15M-26JUN211230-30,KXETH15M-26JUN211230-30,paper,no,58,41,23.78,50,0.5,0.41,1725.215,1725.22,568,1,0,expiry,loss,-24.77,-100.0,paper_1782058832004,ETH,0.5,"{""win_prob"": 0.5, ""ev"": 0.09000000000000002, ""abs_pct"": 2.898181101603934e-06}",,,strategy1,,s1
2853,2026-06-21T16:20:32Z,KXSOL15M-26JUN211230-30,KXSOL15M-26JUN211230-30,paper,no,76,31,23.56,50,0.5,0.31,73.785,73.809,567,1,0,expiry,loss,-24.7,-100.0,paper_1782058832605,SOL,0.5,"{""win_prob"": 0.5, ""ev"": 0.19, ""abs_pct"": 0.0003251635979352235}",,,strategy1,,s1
2851,2026-06-21T14:24:04Z,KXETH15M-26JUN211030-30,KXETH15M-26JUN211030-30,paper,no,61,39,23.79,50,0.5,0.39,1720.93,1721.48,355,1,100,expiry,win,36.19,156.41,paper_1782051844627,ETH,0.5,"{""win_prob"": 0.5, ""ev"": 0.10999999999999999, ""abs_pct"": 0.00031949252968373405}",,,strategy1,,s1
2850,2026-06-21T12:41:53Z,KXETH15M-26JUN210845-45,KXETH15M-26JUN210845-45,paper,no,66,36,23.76,50,0.5,0.36,1718.375,1718.45,186,1,0,expiry,loss,-24.83,-100.0,paper_1782045713813,ETH,0.5,"{""win_prob"": 0.5, ""ev"": 0.14, ""abs_pct"": 4.3643981494978304e-05}",,,strategy1,,s1
2849,2026-06-21T12:37:19Z,KXSOL15M-26JUN210845-45,KXSOL15M-26JUN210845-45,paper,no,55,43,23.65,50,0.5,0.43,72.99,73.0253,461,1,0,expiry,loss,-24.6,-100.0,paper_1782045439056,SOL,0.5,"{""win_prob"": 0.5, ""ev"": 0.07, ""abs_pct"": 0.000483394111356017}",,,strategy1,,s1
2848,2026-06-21T12:27:10Z,KXSOL15M-26JUN210830-30,KXSOL15M-26JUN210830-30,paper,no,68,35,23.8,50,0.5,0.35,73.05,73.0682,169,1,100,expiry,win,43.11,185.71,paper_1782044830667,SOL,0.5,"{""win_prob"": 0.5, ""ev"": 0.15000000000000002, ""abs_pct"": 0.0002490823641475679}",,,strategy1,,s1
2847,2026-06-21T12:04:38Z,KXETH15M-26JUN210815-15,KXETH15M-26JUN210815-15,paper,no,61,39,23.79,50,0.5,0.39,1722.64,1723.04,622,1,100,expiry,win,36.19,156.41,paper_1782043478241,ETH,0.5,"{""win_prob"": 0.5, ""ev"": 0.10999999999999999, ""abs_pct"": 0.0002321478317391724}",,,strategy1,,s1
2846,2026-06-21T11:11:56Z,KXSOL15M-26JUN210715-15,KXSOL15M-26JUN210715-15,paper,no,55,43,23.65,50,0.5,0.43,73.845,73.8498,184,1,100,expiry,win,30.4,132.56,paper_1782040316053,SOL,0.5,"{""win_prob"": 0.5, ""ev"": 0.07, ""abs_pct"": 0.0002681117619818008}",,,strategy1,,s1
2845,2026-06-21T11:11:01Z,KXXRP15M-26JUN210715-15,KXXRP15M-26JUN210715-15,paper,no,70,34,23.8,50,0.5,0.34,1.14725,1.1473,238,1,0,expiry,loss,-24.9,-100.0,paper_1782040261641,XRP,0.5,"{""win_prob"": 0.5, ""ev"": 0.15999999999999998, ""abs_pct"": 4.3580580493230605e-05}",,,strategy1,,s1
2844,2026-06-21T11:08:26Z,KXETH15M-26JUN210715-15,KXETH15M-26JUN210715-15,paper,no,55,43,23.65,50,0.5,0.43,1729.405,1729.54,394,1,0,expiry,loss,-24.6,-100.0,paper_1782040106095,ETH,0.5,"{""win_prob"": 0.5, ""ev"": 0.07, ""abs_pct"": 7.80554367057084e-05}",,,strategy1,,s1
2843,2026-06-21T01:34:11Z,KXETH15M-26JUN202145-45,KXETH15M-26JUN202145-45,paper,no,63,38,23.94,50,0.5,0.38,1732.925,1733.08,648,1,0,expiry,loss,-24.98,-100.0,paper_1782005651508,ETH,0.5,"{""win_prob"": 0.5, ""ev"": 0.12, ""abs_pct"": 8.943614836012921e-05}",,,strategy1,,s1
2842,2026-06-21T01:33:06Z,KXXRP15M-26JUN202145-45,KXXRP15M-26JUN202145-45,paper,no,66,36,23.76,50,0.5,0.36,1.14615,1.1463,713,1,0,expiry,loss,-24.83,-100.0,paper_1782005586324,XRP,0.5,"{""win_prob"": 0.5, ""ev"": 0.14, ""abs_pct"": 0.00013085579691188564}",,,strategy1,,s1
2841,2026-06-21T01:18:24Z,KXETH15M-26JUN202130-30,KXETH15M-26JUN202130-30,paper,no,55,43,23.65,50,0.5,0.43,1733.55,1733.71,695,1,100,expiry,win,30.4,132.56,paper_1782004704892,ETH,0.5,"{""win_prob"": 0.5, ""ev"": 0.07, ""abs_pct"": 9.228763749420713e-05}",,,strategy1,,s1
2840,2026-06-21T00:50:07Z,KXXRP15M-26JUN202100-00,KXXRP15M-26JUN202100-00,paper,no,82,29,23.78,50,0.5,0.29,1.14745,1.1478,592,1,0,expiry,loss,-24.97,-100.0,paper_1782003007958,XRP,0.5,"{""win_prob"": 0.5, ""ev"": 0.21000000000000002, ""abs_pct"": 0.0003049311726780366}",,,strategy1,,s1
2839,2026-06-21T00:22:59Z,KXETH15M-26JUN202030-30,KXETH15M-26JUN202030-30,paper,no,64,37,23.68,50,0.5,0.37,1735.895,1736.62,420,1,100,expiry,win,39.27,170.27,paper_1782001379667,ETH,0.5,"{""win_prob"": 0.5, ""ev"": 0.13, ""abs_pct"": 0.00041747762895734766}",,,strategy1,,s1
2838,2026-06-20T23:38:26Z,KXSOL15M-26JUN201945-45,KXSOL15M-26JUN201945-45,paper,no,91,26,23.66,50,0.5,0.26,73.21,73.2453,393,1,0,expiry,loss,-24.89,-100.0,paper_1781998706837,SOL,0.5,"{""win_prob"": 0.5, ""ev"": 0.24, ""abs_pct"": 0.00048194218605161765}",,,strategy1,,s1
2837,2026-06-20T23:34:35Z,KXETH15M-26JUN201945-45,KXETH15M-26JUN201945-45,paper,no,61,39,23.79,50,0.5,0.39,1738.8,1739.22,624,1,0,expiry,loss,-24.81,-100.0,paper_1781998475753,ETH,0.5,"{""win_prob"": 0.5, ""ev"": 0.10999999999999999, ""abs_pct"": 0.0002414875633905272}",,,strategy1,,s1
2836,2026-06-20T23:26:29Z,KXSOL15M-26JUN201930-30,KXSOL15M-26JUN201930-30,paper,no,76,31,23.56,50,0.5,0.31,73.405,73.4142,210,1,100,expiry,win,51.3,222.58,paper_1781997989752,SOL,0.5,"{""win_prob"": 0.5, ""ev"": 0.19, ""abs_pct"": 0.00012531635569130726}",,,strategy1,,s1
2835,2026-06-20T19:25:30Z,KXETH15M-26JUN201530-30,KXETH15M-26JUN201530-30,paper,no,70,34,23.8,55,0.5542717231787956,0.34,1724.035,1725.47,269,1,100,expiry,win,45.1,194.12,paper_1781983530682,ETH,0.4457282768212044,"{""win_prob"": 0.5542717231787956, ""ev"": 0.10572827682120439, ""abs_pct"": 0.0008316574614452558}",,,strategy1,,s1
2834,2026-06-20T19:03:32Z,KXETH15M-26JUN201515-15,KXETH15M-26JUN201515-15,paper,no,55,43,23.65,50,0.5,0.43,1724.305,1724.75,687,1,0,expiry,loss,-24.6,-100.0,paper_1781982212668,ETH,0.5,"{""win_prob"": 0.5, ""ev"": 0.07, ""abs_pct"": 0.0002580084070154726}",,,strategy1,,s1
2833,2026-06-20T19:03:22Z,KXXRP15M-26JUN201515-15,KXXRP15M-26JUN201515-15,paper,no,61,39,23.79,50,0.5,0.39,1.14085,1.1411,697,1,0,expiry,loss,-24.81,-100.0,paper_1781982202316,XRP,0.5,"{""win_prob"": 0.5, ""ev"": 0.10999999999999999, ""abs_pct"": 8.763473841029619e-05}",,,strategy1,,s1
2832,2026-06-20T16:48:11Z,KXETH15M-26JUN201300-00,KXETH15M-26JUN201300-00,paper,no,59,40,23.6,50,0.5,0.4,1730.41,1730.97,708,1,0,expiry,loss,-24.6,-100.0,paper_1781974091631,ETH,0.5,"{""win_prob"": 0.5, ""ev"": 0.09999999999999998, ""abs_pct"": 0.00032351802746433816}",,,strategy1,,s1
2831,2026-06-20T16:39:30Z,KXETH15M-26JUN201245-45,KXETH15M-26JUN201245-45,paper,no,59,40,23.6,50,0.5,0.4,1732.01,1732.12,329,1,100,expiry,win,34.4,150.0,paper_1781973570603,ETH,0.5,"{""win_prob"": 0.5, ""ev"": 0.09999999999999998, ""abs_pct"": 6.350599265634019e-05}",,,strategy1,,s1
2830,2026-06-20T16:38:03Z,KXSOL15M-26JUN201245-45,KXSOL15M-26JUN201245-45,paper,no,59,40,23.6,52,0.5269017504789396,0.4,71.375,71.4378,417,1,0,expiry,loss,-24.6,-100.0,paper_1781973483124,SOL,0.4730982495210604,"{""win_prob"": 0.5269017504789396, ""ev"": 0.07309824952106037, ""abs_pct"": 0.0008790864220342137}",,,strategy1,,s1
2829,2026-06-20T13:49:14Z,KXETH15M-26JUN201000-00,KXETH15M-26JUN201000-00,paper,no,63,38,23.94,50,0.5,0.38,1716.685,1716.8,645,1,0,expiry,loss,-24.98,-100.0,paper_1781963354429,ETH,0.5,"{""win_prob"": 0.5, ""ev"": 0.12, ""abs_pct"": 6.698508853681797e-05}",,,strategy1,,s1
2828,2026-06-20T13:18:14Z,KXSOL15M-26JUN200930-30,KXSOL15M-26JUN200930-30,paper,no,61,39,23.79,50,0.5,0.39,71.435,71.4395,705,1,100,expiry,win,36.19,156.41,paper_1781961494304,SOL,0.5,"{""win_prob"": 0.5, ""ev"": 0.10999999999999999, ""abs_pct"": 6.299036247444433e-05}",,,strategy1,,s1
2827,2026-06-20T13:18:13Z,KXETH15M-26JUN200930-30,KXETH15M-26JUN200930-30,paper,no,55,43,23.65,50,0.5,0.43,1723.105,1723.18,706,1,100,expiry,win,30.4,132.56,paper_1781961493579,ETH,0.5,"{""win_prob"": 0.5, ""ev"": 0.07, ""abs_pct"": 4.352418203556533e-05}",,,strategy1,,s1
2826,2026-06-20T01:28:23Z,KXSOL15M-26JUN192130-30,KXSOL15M-26JUN192130-30,paper,no,59,40,23.6,50,0.5,0.4,69.505,69.5182,96,1,0,expiry,loss,-24.6,-100.0,paper_1781918903316,SOL,0.5,"{""win_prob"": 0.5, ""ev"": 0.09999999999999998, ""abs_pct"": 0.00018987833401897143}",,,strategy1,,s1
2825,2026-06-20T01:06:07Z,KXSOL15M-26JUN192115-15,KXSOL15M-26JUN192115-15,paper,no,57,42,23.94,50,0.5,0.42,69.585,69.6062,532,1,100,expiry,win,32.08,138.1,paper_1781917567396,SOL,0.5,"{""win_prob"": 0.5, ""ev"": 0.08000000000000002, ""abs_pct"": 0.00030457056986313627}",,,strategy1,,s1
2824,2026-06-19T21:50:28Z,KXSOL15M-26JUN191800-00,KXSOL15M-26JUN191800-00,paper,no,79,30,23.7,50,0.5,0.3,68.89,68.9058,571,1,0,expiry,loss,-24.87,-100.0,paper_1781905828261,SOL,0.5,"{""win_prob"": 0.5, ""ev"": 0.2, ""abs_pct"": 0.00022929854961409204}",,,strategy1,,s1
2823,2026-06-19T21:48:59Z,KXETH15M-26JUN191800-00,KXETH15M-26JUN191800-00,paper,no,68,35,23.8,50,0.5,0.35,1701.65,1701.68,660,1,0,expiry,loss,-24.89,-100.0,paper_1781905739694,ETH,0.5,"{""win_prob"": 0.5, ""ev"": 0.15000000000000002, ""abs_pct"": 1.7629636594408298e-05}",,,strategy1,,s1
2822,2026-06-19T20:38:13Z,KXSOL15M-26JUN191645-45,KXSOL15M-26JUN191645-45,paper,no,59,40,23.6,52,0.5212457195105104,0.4,68.82,68.8672,406,1,0,expiry,loss,-24.6,-100.0,paper_1781901493732,SOL,0.47875428048948965,"{""win_prob"": 0.5212457195105104, ""ev"": 0.07875428048948963, ""abs_pct"": 0.000685377073556115}",,,strategy1,,s1
2821,2026-06-19T19:58:22Z,KXETH15M-26JUN191600-00,KXETH15M-26JUN191600-00,paper,no,91,26,23.66,50,0.5,0.26,1699.255,1699.15,98,1,0,expiry,loss,-24.89,-100.0,paper_1781899102094,ETH,0.5,"{""win_prob"": 0.5, ""ev"": 0.24, ""abs_pct"": 6.179560368420575e-05}",,,strategy1,,s1
2820,2026-06-19T19:38:29Z,KXETH15M-26JUN191545-45,KXETH15M-26JUN191545-45,paper,no,59,40,23.6,50,0.5,0.4,1698.395,1698.51,391,1,0,expiry,loss,-24.6,-100.0,paper_1781897909035,ETH,0.5,"{""win_prob"": 0.5, ""ev"": 0.09999999999999998, ""abs_pct"": 6.77064014930787e-05}",,,strategy1,,s1
2819,2026-06-19T18:22:32Z,KXXRP15M-26JUN191430-30,KXXRP15M-26JUN191430-30,paper,no,74,32,23.68,50,0.5,0.32,1.13245,1.1327,447,1,100,expiry,win,49.19,212.5,paper_1781893352812,XRP,0.5,"{""win_prob"": 0.5, ""ev"": 0.18, ""abs_pct"": 0.0002207115741150203}",,,strategy1,,s1
2818,2026-06-19T17:27:40Z,KXXRP15M-26JUN191330-30,KXXRP15M-26JUN191330-30,paper,no,66,36,23.76,50,0.5,0.36,1.13065,1.131,139,1,0,expiry,loss,-24.83,-100.0,paper_1781890060677,XRP,0.5,"{""win_prob"": 0.5, ""ev"": 0.14, ""abs_pct"": 0.0003094606542883046}",,,strategy1,,s1
2817,2026-06-19T17:11:45Z,KXETH15M-26JUN191315-15,KXETH15M-26JUN191315-15,paper,no,58,41,23.78,50,0.5,0.41,1695.335,1695.51,194,1,100,expiry,win,33.23,143.9,paper_1781889105276,ETH,0.5,"{""win_prob"": 0.5, ""ev"": 0.09000000000000002, ""abs_pct"": 0.0001032137822837698}",,,strategy1,,s1
2816,2026-06-19T12:40:11Z,KXETH15M-26JUN190845-45,KXETH15M-26JUN190845-45,paper,no,95,25,23.75,53,0.5330663405383356,0.25,1686.995,1687.88,288,1,100,expiry,win,70.0,300.0,paper_1781872811683,ETH,0.46693365946166443,"{""win_prob"": 0.5330663405383356, ""ev"": 0.21693365946166443, ""abs_pct"": 0.0005243263739129667}",,,strategy1,,s1
2815,2026-06-19T12:39:16Z,KXSOL15M-26JUN190845-45,KXSOL15M-26JUN190845-45,paper,no,63,38,23.94,50,0.5,0.38,68.19,68.1923,343,1,0,expiry,loss,-24.98,-100.0,paper_1781872756477,SOL,0.5,"{""win_prob"": 0.5, ""ev"": 0.12, ""abs_pct"": 3.37281481927622e-05}",,,strategy1,,s1
2814,2026-06-19T12:38:20Z,KXXRP15M-26JUN190845-45,KXXRP15M-26JUN190845-45,paper,no,79,30,23.7,50,0.5,0.3,1.12275,1.1229,399,1,0,expiry,loss,-24.87,-100.0,paper_1781872700794,XRP,0.5,"{""win_prob"": 0.5, ""ev"": 0.2, ""abs_pct"": 0.00013358268768376034}",,,strategy1,,s1
2813,2026-06-19T01:38:19Z,KXXRP15M-26JUN182145-45,KXXRP15M-26JUN182145-45,paper,no,76,31,23.56,50,0.5,0.31,1.14565,1.1458,400,1,0,expiry,loss,-24.7,-100.0,paper_1781833099919,XRP,0.5,"{""win_prob"": 0.5, ""ev"": 0.19, ""abs_pct"": 0.0001309128992842315}",,,strategy1,,s1
2812,2026-06-18T23:41:54Z,KXXRP15M-26JUN181945-45,KXXRP15M-26JUN181945-45,paper,no,82,29,23.78,50,0.5,0.29,1.14385,1.1442,185,1,0,expiry,loss,-24.97,-100.0,paper_1781826114318,XRP,0.5,"{""win_prob"": 0.5, ""ev"": 0.21000000000000002, ""abs_pct"": 0.0003058905785702434}",,,strategy1,,s1
2811,2026-06-18T23:18:34Z,KXXRP15M-26JUN181930-30,KXXRP15M-26JUN181930-30,paper,no,68,35,23.8,50,0.5,0.35,1.14235,1.1425,686,1,0,expiry,loss,-24.89,-100.0,paper_1781824714201,XRP,0.5,"{""win_prob"": 0.5, ""ev"": 0.15000000000000002, ""abs_pct"": 0.00013129102844647222}",,,strategy1,,s1
2810,2026-06-18T22:39:15Z,KXETH15M-26JUN181845-45,KXETH15M-26JUN181845-45,paper,no,68,35,23.8,50,0.5,0.35,1701.54,1701.6,344,1,0,expiry,loss,-24.89,-100.0,paper_1781822355492,ETH,0.5,"{""win_prob"": 0.5, ""ev"": 0.15000000000000002, ""abs_pct"": 3.526093088854339e-05}",,,strategy1,,s1
2809,2026-06-18T22:23:19Z,KXXRP15M-26JUN181830-30,KXXRP15M-26JUN181830-30,paper,no,79,30,23.7,50,0.5,0.3,1.14415,1.1442,400,1,0,expiry,loss,-24.87,-100.0,paper_1781821399754,XRP,0.5,"{""win_prob"": 0.5, ""ev"": 0.2, ""abs_pct"": 4.369865408154651e-05}",,,strategy1,,s1
2808,2026-06-18T22:10:26Z,KXSOL15M-26JUN181815-15,KXSOL15M-26JUN181815-15,paper,no,79,25,23.7,50,0.5,0.25,69.5,69.5107,273,1,0,expiry,loss,-20.79,-100.0,paper_1781820626725,SOL,0.5,"{""win_prob"": 0.5, ""ev"": 0.2, ""abs_pct"": 0.00015393313547410587}",,,strategy1,,s1
2807,2026-06-18T21:26:28Z,KXETH15M-26JUN181730-30,KXETH15M-26JUN181730-30,paper,no,61,39,23.79,50,0.5,0.39,1702.205,1702.89,211,1,0,expiry,loss,-24.81,-100.0,paper_1781817988896,ETH,0.5,"{""win_prob"": 0.5, ""ev"": 0.10999999999999999, ""abs_pct"": 0.0004022573389943994}",,,strategy1,,s1
2806,2026-06-18T21:20:24Z,KXSOL15M-26JUN181730-30,KXSOL15M-26JUN181730-30,paper,no,59,40,23.6,50,0.5,0.4,69.49,69.5188,575,1,0,expiry,loss,-24.6,-100.0,paper_1781817624536,SOL,0.5,"{""win_prob"": 0.5, ""ev"": 0.09999999999999998, ""abs_pct"": 0.0004142764259452685}",,,strategy1,,s1
2805,2026-06-18T21:03:43Z,KXETH15M-26JUN181715-15,KXETH15M-26JUN181715-15,paper,no,58,41,23.78,50,0.5,0.41,1708.715,1708.73,677,1,100,expiry,win,33.23,143.9,paper_1781816623194,ETH,0.5,"{""win_prob"": 0.5, ""ev"": 0.09000000000000002, ""abs_pct"": 8.778449491786324e-06}",,,strategy1,,s1
2804,2026-06-18T19:23:22Z,KXXRP15M-26JUN181530-30,KXXRP15M-26JUN181530-30,paper,no,76,31,23.56,55,0.5512688612345267,0.31,1.13505,1.1366,397,1,100,expiry,win,51.3,222.58,paper_1781810602364,XRP,0.4487311387654733,"{""win_prob"": 0.5512688612345267, ""ev"": 0.13873113876547333, ""abs_pct"": 0.0013637163469999668}",,,strategy1,,s1
2803,2026-06-18T18:19:02Z,KXXRP15M-26JUN181430-30,KXXRP15M-26JUN181430-30,paper,no,63,38,23.94,50,0.5,0.38,1.14025,1.1408,657,1,0,expiry,loss,-24.98,-100.0,paper_1781806742514,XRP,0.5,"{""win_prob"": 0.5, ""ev"": 0.12, ""abs_pct"": 0.0004821178120617553}",,,strategy1,,s1
2802,2026-06-18T18:19:01Z,KXETH15M-26JUN181430-30,KXETH15M-26JUN181430-30,paper,no,63,38,23.94,50,0.5,0.38,1677.705,1678.21,658,1,0,expiry,loss,-24.98,-100.0,paper_1781806741446,ETH,0.5,"{""win_prob"": 0.5, ""ev"": 0.12, ""abs_pct"": 0.0003009158567760347}",,,strategy1,,s1
2801,2026-06-18T16:35:13Z,KXSOL15M-26JUN181245-45,KXSOL15M-26JUN181245-45,paper,no,55,43,23.65,50,0.5,0.43,68.615,68.6428,586,1,0,expiry,loss,-24.6,-100.0,paper_1781800513608,SOL,0.5,"{""win_prob"": 0.5, ""ev"": 0.07, ""abs_pct"": 0.0004049951342311089}",,,strategy1,,s1
2800,2026-06-18T14:09:01Z,KXSOL15M-26JUN181015-15,KXSOL15M-26JUN181015-15,paper,no,64,37,23.68,50,0.5,0.37,70.845,70.8517,358,1,100,expiry,win,39.27,170.27,paper_1781791741913,SOL,0.5,"{""win_prob"": 0.5, ""ev"": 0.13, ""abs_pct"": 9.456371547888115e-05}",,,strategy1,,s1
2799,2026-06-18T14:06:06.756017+00:00,KXETH15M-26JUN181015-15,ETH price up in next 15 mins?,paper,no,61,39,23.79,59,0.5961443397165738,0.39,1729.845,1732.8,533,1,100,expiry,win,36.19,156.41,paper_1781791566756,ETH,0.40385566028342623,"{""win_prob"": 0.5961443397165738, ""ev"": 0.18949133971657375, ""vel_delta"": 12.0, ""obi"": null, ""abs_pct"": 0.0017053324099722573, ""mins_left"": 8.893200933333333, ""strike"": 1732.8}",,,strategy2,,s2
2798,2026-06-18T13:12:17Z,KXETH15M-26JUN180915-15,KXETH15M-26JUN180915-15,paper,yes,49,49,24.01,57,0.5712181916938096,0.49,1750.325,1748.84,163,1,0,expiry,loss,-24.87,-100.0,paper_1781788337057,ETH,0.5712181916938096,"{""win_prob"": 0.5712181916938096, ""ev"": 0.08121819169380962, ""abs_pct"": 0.0008491342832964293}",,,strategy1,,s1
2797,2026-06-18T12:08:26Z,KXETH15M-26JUN180815-15,KXETH15M-26JUN180815-15,paper,no,57,42,23.94,50,0.5,0.42,1741.625,1741.71,394,1,0,expiry,loss,-24.92,-100.0,paper_1781784506278,ETH,0.5,"{""win_prob"": 0.5, ""ev"": 0.08000000000000002, ""abs_pct"": 4.880261352351217e-05}",,,strategy1,,s1
2796,2026-06-17T20:18:43Z,KXSOL15M-26JUN171630-30,KXSOL15M-26JUN171630-30,paper,no,59,40,23.6,50,0.5,0.4,71.735,71.7357,676,1,0,expiry,loss,-24.6,-100.0,paper_1781727523434,SOL,0.5,"{""win_prob"": 0.5, ""ev"": 0.09999999999999998, ""abs_pct"": 9.758042369347702e-06}",,,strategy1,,s1
2795,2026-06-17T20:04:39Z,KXXRP15M-26JUN171615-15,KXXRP15M-26JUN171615-15,paper,no,63,38,23.94,50,0.5,0.38,1.17905,1.1791,621,1,0,expiry,loss,-24.98,-100.0,paper_1781726679069,XRP,0.5,"{""win_prob"": 0.5, ""ev"": 0.12, ""abs_pct"": 4.240522432372616e-05}",,,strategy1,,s1
2794,2026-06-17T19:55:22Z,KXETH15M-26JUN171600-00,KXETH15M-26JUN171600-00,paper,no,55,43,23.65,50,0.5,0.43,1730.65,1731.9,277,1,0,expiry,loss,-24.6,-100.0,paper_1781726122259,ETH,0.5,"{""win_prob"": 0.5, ""ev"": 0.07, ""abs_pct"": 5.485305156188422e-05}",,,strategy1,,s1
2793,2026-06-17T19:35:43Z,KXETH15M-26JUN171545-45,KXETH15M-26JUN171545-45,paper,no,55,43,23.65,50,0.5,0.43,1739.26,1739.86,557,1,100,expiry,win,30.4,132.56,paper_1781724943124,ETH,0.5,"{""win_prob"": 0.5, ""ev"": 0.07, ""abs_pct"": 0.0003448553331876755}",,,strategy1,,s1
2792,2026-06-17T19:34:37Z,KXXRP15M-26JUN171545-45,KXXRP15M-26JUN171545-45,paper,no,57,42,23.94,50,0.5,0.42,1.18415,1.1847,623,1,100,expiry,win,32.08,138.1,paper_1781724877042,XRP,0.5,"{""win_prob"": 0.5, ""ev"": 0.08000000000000002, ""abs_pct"": 0.0004642525533890862}",,,strategy1,,s1
2791,2026-06-17T18:33:22.441690+00:00,KXETH15M-26JUN171445-45,ETH price up in next 15 mins?,paper,no,48,50,24.0,60,0.6077498353321471,0.5,1762.055,1765.03,697,1,0,expiry,loss,-24.85,-100.0,paper_1781721202441,ETH,0.3922501646678529,"{""win_prob"": 0.6077498353321471, ""ev"": 0.0902498353321471, ""vel_delta"": 5.166666666666664, ""obi"": null, ""abs_pct"": 0.001685523758802915, ""mins_left"": 11.6300125, ""strike"": 1765.03}",,,strategy2,,s2
2790,2026-06-17T18:28:22Z,KXSOL15M-26JUN171430-30,KXSOL15M-26JUN171430-30,paper,no,74,32,23.68,50,0.5,0.32,73.115,73.1283,98,1,100,expiry,win,49.19,212.5,paper_1781720902120,SOL,0.5,"{""win_prob"": 0.5, ""ev"": 0.18, ""abs_pct"": 0.00018187213431737067}",,,strategy1,,s1
2789,2026-06-17T18:26:53.124184+00:00,KXETH15M-26JUN171430-30,ETH price up in next 15 mins?,paper,yes,35,69,24.15,75,0.75,0.69,1767.755,1763.24,187,1,100,expiry,win,10.32,44.93,paper_1781720813124,ETH,0.75,"{""win_prob"": 0.75, ""ev"": 0.04502700000000005, ""vel_delta"": 13.166666666666671, ""obi"": null, ""abs_pct"": 0.0025606270275175813, ""mins_left"": 3.118732983333333, ""strike"": 1763.24}",,,strategy2,,s2
2788,2026-06-17T17:39:05Z,KXSOL15M-26JUN171345-45,KXSOL15M-26JUN171345-45,paper,no,59,40,23.6,50,0.5,0.4,73.76,73.7602,354,1,100,expiry,win,34.4,150.0,paper_1781717945751,SOL,0.5,"{""win_prob"": 0.5, ""ev"": 0.09999999999999998, ""abs_pct"": 2.7114893939065846e-06}",,,strategy1,,s1
2787,2026-06-17T14:37:35Z,KXETH15M-26JUN171045-45,KXETH15M-26JUN171045-45,paper,no,57,42,23.94,50,0.5,0.42,1753.88,1754.09,444,1,0,expiry,loss,-24.92,-100.0,paper_1781707055863,ETH,0.5,"{""win_prob"": 0.5, ""ev"": 0.08000000000000002, ""abs_pct"": 0.0001197201967970908}",,,strategy1,,s1
2786,2026-06-17T14:33:45Z,KXSOL15M-26JUN171045-45,KXSOL15M-26JUN171045-45,paper,no,58,41,23.78,50,0.5,0.41,72.395,72.3565,674,1,0,expiry,loss,-24.77,-100.0,paper_1781706825768,SOL,0.5,"{""win_prob"": 0.5, ""ev"": 0.09000000000000002, ""abs_pct"": 8.983297975997477e-05}",,,strategy1,,s1
2785,2026-06-17T11:50:33Z,KXETH15M-26JUN170800-00,KXETH15M-26JUN170800-00,paper,no,57,42,23.94,50,0.5,0.42,1763.87,1763.89,566,1,100,expiry,win,32.08,138.1,paper_1781697033695,ETH,0.5,"{""win_prob"": 0.5, ""ev"": 0.08000000000000002, ""abs_pct"": 1.133857553487416e-05}",,,strategy1,,s1
2784,2026-06-17T11:37:31Z,KXETH15M-26JUN170745-45,KXETH15M-26JUN170745-45,paper,no,57,42,23.94,50,0.5,0.42,1764.895,1765.15,448,1,100,expiry,win,32.08,138.1,paper_1781696251782,ETH,0.5,"{""win_prob"": 0.5, ""ev"": 0.08000000000000002, ""abs_pct"": 0.00014446364331649386}",,,strategy1,,s1
2783,2026-06-17T11:37:21Z,KXXRP15M-26JUN170745-45,KXXRP15M-26JUN170745-45,paper,no,61,39,23.79,50,0.5,0.39,1.19095,1.191,458,1,0,expiry,loss,-24.81,-100.0,paper_1781696241424,XRP,0.5,"{""win_prob"": 0.5, ""ev"": 0.10999999999999999, ""abs_pct"": 4.198152812771244e-05}",,,strategy1,,s1
2782,2026-06-17T11:21:12Z,KXSOL15M-26JUN170730-30,KXSOL15M-26JUN170730-30,paper,no,59,40,23.6,50,0.5,0.4,71.935,71.9597,527,1,0,expiry,loss,-24.6,-100.0,paper_1781695272633,SOL,0.5,"{""win_prob"": 0.5, ""ev"": 0.09999999999999998, ""abs_pct"": 0.00034324767890910783}",,,strategy1,,s1
2781,2026-06-17T01:39:11Z,KXETH15M-26JUN162145-45,KXETH15M-26JUN162145-45,paper,no,103,23,23.69,50,0.5,0.23,1783.77,1783.99,348,1,0,expiry,loss,-24.97,-100.0,paper_1781660351421,ETH,0.5,"{""win_prob"": 0.5, ""ev"": 0.27, ""abs_pct"": 0.00012331907690067055}",,,strategy1,,s1
2779,2026-06-17T01:38:05Z,KXSOL15M-26JUN162145-45,KXSOL15M-26JUN162145-45,paper,no,63,38,23.94,50,0.5,0.38,73.325,73.3427,415,1,0,expiry,loss,-24.98,-100.0,paper_1781660285242,SOL,0.5,"{""win_prob"": 0.5, ""ev"": 0.12, ""abs_pct"": 0.00024133281158166694}",,,strategy1,,s1
2780,2026-06-17T01:38:05Z,KXXRP15M-26JUN162145-45,KXXRP15M-26JUN162145-45,paper,no,58,41,23.78,50,0.5,0.41,1.2093,1.2099,414,1,0,expiry,loss,-24.77,-100.0,paper_1781660285940,XRP,0.5,"{""win_prob"": 0.5, ""ev"": 0.09000000000000002, ""abs_pct"": 0.0004959087527894321}",,,strategy1,,s1
2778,2026-06-17T00:41:51Z,KXXRP15M-26JUN162045-45,KXXRP15M-26JUN162045-45,paper,no,74,32,23.68,50,0.5,0.32,1.21445,1.2145,188,1,0,expiry,loss,-24.81,-100.0,paper_1781656911648,XRP,0.5,"{""win_prob"": 0.5, ""ev"": 0.18, ""abs_pct"": 4.116920543423917e-05}",,,strategy1,,s1
2777,2026-06-17T00:41:50Z,KXSOL15M-26JUN162045-45,KXSOL15M-26JUN162045-45,paper,no,82,29,23.78,50,0.5,0.29,73.455,73.4565,189,1,0,expiry,loss,-24.97,-100.0,paper_1781656910999,SOL,0.5,"{""win_prob"": 0.5, ""ev"": 0.21000000000000002, ""abs_pct"": 2.0420248718726896e-05}",,,strategy1,,s1
2776,2026-06-17T00:18:47Z,KXXRP15M-26JUN162030-30,KXXRP15M-26JUN162030-30,paper,no,58,41,23.78,50,0.5,0.41,1.21645,1.2167,673,1,100,expiry,win,33.23,143.9,paper_1781655527034,XRP,0.5,"{""win_prob"": 0.5, ""ev"": 0.09000000000000002, ""abs_pct"": 0.00020547382263488243}",,,strategy1,,s1
2775,2026-06-16T22:52:51Z,KXSOL15M-26JUN161900-00,KXSOL15M-26JUN161900-00,paper,no,63,38,23.94,50,0.5,0.38,73.625,73.6335,428,1,0,expiry,loss,-24.98,-100.0,paper_1781650371491,SOL,0.5,"{""win_prob"": 0.5, ""ev"": 0.12, ""abs_pct"": 0.00011543658796604744}",,,strategy1,,s1
2774,2026-06-16T22:51:01Z,KXETH15M-26JUN161900-00,KXETH15M-26JUN161900-00,paper,no,55,43,23.65,50,0.5,0.43,1790.705,1790.94,538,1,0,expiry,loss,-24.6,-100.0,paper_1781650261403,ETH,0.5,"{""win_prob"": 0.5, ""ev"": 0.07, ""abs_pct"": 0.00013121600946995843}",,,strategy1,,s1
2773,2026-06-16T22:20:18Z,KXETH15M-26JUN161830-30,KXETH15M-26JUN161830-30,paper,yes,57,42,23.94,52,0.5269587420585145,0.42,1797.65,1796.56,581,1,0,expiry,loss,-24.92,-100.0,paper_1781648418823,ETH,0.5269587420585145,"{""win_prob"": 0.5269587420585145, ""ev"": 0.10695874205851447, ""abs_pct"": 0.000606715055439365}",,,strategy1,,s1
2772,2026-06-16T21:42:33Z,KXETH15M-26JUN161745-45,KXETH15M-26JUN161745-45,paper,no,57,42,23.94,50,0.5,0.42,1791.955,1792.3,147,1,0,expiry,loss,-24.92,-100.0,paper_1781646153051,ETH,0.5,"{""win_prob"": 0.5, ""ev"": 0.08000000000000002, ""abs_pct"": 0.00019249009652403464}",,,strategy1,,s1
2771,2026-06-16T21:40:43Z,KXXRP15M-26JUN161745-45,KXXRP15M-26JUN161745-45,paper,no,82,29,23.78,50,0.5,0.29,1.2168,1.2169,256,1,0,expiry,loss,-24.97,-100.0,paper_1781646043340,XRP,0.5,"{""win_prob"": 0.5, ""ev"": 0.21000000000000002, ""abs_pct"": 8.217602103705233e-05}",,,strategy1,,s1
2770,2026-06-16T19:41:23Z,KXETH15M-26JUN161545-45,KXETH15M-26JUN161545-45,paper,no,57,42,23.94,50,0.5,0.42,1795.47,1795.57,216,1,0,expiry,loss,-24.92,-100.0,paper_1781638883724,ETH,0.5,"{""win_prob"": 0.5, ""ev"": 0.08000000000000002, ""abs_pct"": 5.569262128455535e-05}",,,strategy1,,s1
2769,2026-06-16T16:40:02Z,KXXRP15M-26JUN161245-45,KXXRP15M-26JUN161245-45,paper,no,55,43,23.65,50,0.5,0.43,1.21105,1.2113,297,1,0,expiry,loss,-24.6,-100.0,paper_1781628002393,XRP,0.5,"{""win_prob"": 0.5, ""ev"": 0.07, ""abs_pct"": 0.0002063898291092904}",,,strategy1,,s1
2768,2026-06-16T14:10:04Z,KXETH15M-26JUN161015-15,KXETH15M-26JUN161015-15,paper,no,57,42,23.94,50,0.5,0.42,1796.575,1797.13,295,1,100,expiry,win,32.08,138.1,paper_1781619004379,ETH,0.5,"{""win_prob"": 0.5, ""ev"": 0.08000000000000002, ""abs_pct"": 0.0003088257388169268}",,,strategy1,,s1
2767,2026-06-16T13:42:32Z,KXXRP15M-26JUN160945-45,KXXRP15M-26JUN160945-45,paper,no,57,42,23.94,50,0.5,0.42,1.2297,1.2301,147,1,100,expiry,win,32.08,138.1,paper_1781617352324,XRP,0.5,"{""win_prob"": 0.5, ""ev"": 0.08000000000000002, ""abs_pct"": 0.00036582391675478535}",,,strategy1,,s1
2766,2026-06-16T12:06:25Z,KXXRP15M-26JUN160815-15,KXXRP15M-26JUN160815-15,paper,no,57,42,23.94,50,0.5,0.42,1.23675,1.2371,514,1,0,expiry,loss,-24.92,-100.0,paper_1781611585821,XRP,0.5,"{""win_prob"": 0.5, ""ev"": 0.08000000000000002, ""abs_pct"": 0.00028291973163048457}",,,strategy1,,s1
2765,2026-06-16T11:39:02Z,KXETH15M-26JUN160745-45,KXETH15M-26JUN160745-45,paper,no,57,42,23.94,50,0.5,0.42,1791.845,1791.87,357,1,0,expiry,loss,-24.92,-100.0,paper_1781609942535,ETH,0.5,"{""win_prob"": 0.5, ""ev"": 0.08000000000000002, ""abs_pct"": 1.3951904993031624e-05}",,,strategy1,,s1
2764,2026-06-16T01:41:46Z,KXETH15M-26JUN152145-45,KXETH15M-26JUN152145-45,paper,no,82,29,23.78,50,0.5,0.29,1794.905,1795.01,193,1,100,expiry,win,57.03,244.83,paper_1781574106474,ETH,0.5,"{""win_prob"": 0.5, ""ev"": 0.21000000000000002, ""abs_pct"": 5.8495495846829926e-05}",,,strategy1,,s1
2763,2026-06-16T01:12:24Z,KXXRP15M-26JUN152115-15,KXXRP15M-26JUN152115-15,paper,no,55,43,23.65,50,0.5,0.43,1.23405,1.2342,155,1,100,expiry,win,30.4,132.56,paper_1781572344686,XRP,0.5,"{""win_prob"": 0.5, ""ev"": 0.07, ""abs_pct"": 0.00012153621779279894}",,,strategy1,,s1
2762,2026-06-15T23:27:52Z,KXSOL15M-26JUN151930-30,KXSOL15M-26JUN151930-30,paper,no,68,35,23.8,50,0.5,0.35,73.805,73.8087,127,1,0,expiry,loss,-24.89,-100.0,paper_1781566072801,SOL,0.5,"{""win_prob"": 0.5, ""ev"": 0.15000000000000002, ""abs_pct"": 5.012959176892331e-05}",,,strategy1,,s1
2761,2026-06-15T23:11:30Z,KXETH15M-26JUN151915-15,KXETH15M-26JUN151915-15,paper,no,70,34,23.8,50,0.5,0.34,1788.995,1789.23,209,1,0,expiry,loss,-24.9,-100.0,paper_1781565090972,ETH,0.5,"{""win_prob"": 0.5, ""ev"": 0.15999999999999998, ""abs_pct"": 0.00013134141502217563}",,,strategy1,,s1
2760,2026-06-15T23:10:03Z,KXXRP15M-26JUN151915-15,KXXRP15M-26JUN151915-15,paper,no,55,43,23.65,50,0.5,0.43,1.23925,1.2396,296,1,0,expiry,loss,-24.6,-100.0,paper_1781565003928,XRP,0.5,"{""win_prob"": 0.5, ""ev"": 0.07, ""abs_pct"": 0.00032268473701190377}",,,strategy1,,s1
2759,2026-06-15T23:05:18Z,KXSOL15M-26JUN151915-15,KXSOL15M-26JUN151915-15,paper,no,55,43,23.65,50,0.5,0.43,73.745,73.7508,581,1,0,expiry,loss,-24.6,-100.0,paper_1781564718843,SOL,0.5,"{""win_prob"": 0.5, ""ev"": 0.07, ""abs_pct"": 7.864321471758392e-05}",,,strategy1,,s1
2758,2026-06-15T22:34:36Z,KXXRP15M-26JUN151845-45,KXXRP15M-26JUN151845-45,paper,no,63,38,23.94,52,0.5241813749612807,0.38,1.2412,1.2422,623,1,100,expiry,win,38.02,163.16,paper_1781562876836,XRP,0.4758186250387193,"{""win_prob"": 0.5241813749612807, ""ev"": 0.0958186250387193, ""abs_pct"": 0.000805023345676936}",,,strategy1,,s1
2757,2026-06-15T22:33:51Z,KXETH15M-26JUN151845-45,KXETH15M-26JUN151845-45,paper,no,64,37,23.68,53,0.5364316283982374,0.37,1789.905,1791.48,668,1,0,expiry,loss,-24.73,-100.0,paper_1781562831762,ETH,0.46356837160176256,"{""win_prob"": 0.5364316283982374, ""ev"": 0.09356837160176257, ""abs_pct"": 0.0008791613637886247}",,,strategy1,,s1
2756,2026-06-15T21:12:03Z,KXSOL15M-26JUN151715-15,KXSOL15M-26JUN151715-15,paper,no,98,24,23.52,53,0.5312320853994099,0.24,74.82,74.8698,177,1,0,expiry,loss,-24.78,-100.0,paper_1781557923091,SOL,0.4687679146005901,"{""win_prob"": 0.5312320853994099, ""ev"": 0.2287679146005901, ""abs_pct"": 0.0006651547085741478}",,,strategy1,,s1
2755,2026-06-15T16:55:45Z,KXETH15M-26JUN151300-00,KXETH15M-26JUN151300-00,paper,no,72,33,23.76,50,0.5,0.33,1841.735,1842.71,254,1,100,expiry,win,47.12,203.03,paper_1781542545805,ETH,0.5,"{""win_prob"": 0.5, ""ev"": 0.16999999999999998, ""abs_pct"": 0.00038801547720484803}",,,strategy1,,s1
2754,2026-06-15T16:38:20Z,KXSOL15M-26JUN151245-45,KXSOL15M-26JUN151245-45,paper,yes,61,39,23.79,52,0.5237618164636794,0.39,75.7,75.6425,399,1,100,expiry,win,36.19,156.41,paper_1781541500480,SOL,0.5237618164636794,"{""win_prob"": 0.5237618164636794, ""ev"": 0.13376181646367935, ""abs_pct"": 0.0007601546749513111}",,,strategy1,,s1
2753,2026-06-15T15:33:04Z,KXSOL15M-26JUN151145-45,KXSOL15M-26JUN151145-45,paper,yes,72,33,23.76,51,0.5197754856551754,0.33,74.095,74.0323,716,1,100,expiry,win,47.12,203.03,paper_1781537584250,SOL,0.5197754856551754,"{""win_prob"": 0.5197754856551754, ""ev"": 0.18977548565517538, ""abs_pct"": 0.0008469276248339228}",,,strategy1,,s1
2752,2026-06-15T14:37:44Z,KXSOL15M-26JUN151045-45,KXSOL15M-26JUN151045-45,paper,yes,55,43,23.65,52,0.5241550069823606,0.43,73.815,73.7555,435,1,100,expiry,win,30.4,132.56,paper_1781534264537,SOL,0.5241550069823606,"{""win_prob"": 0.5241550069823606, ""ev"": 0.09415500698236062, ""abs_pct"": 0.0008067194988848275}",,,strategy1,,s1
2751,2026-06-15T14:26:36Z,KXETH15M-26JUN151030-30,KXETH15M-26JUN151030-30,paper,no,58,41,23.78,50,0.5,0.41,1807.8,1808.39,204,1,0,expiry,loss,-24.77,-100.0,paper_1781533596142,ETH,0.5,"{""win_prob"": 0.5, ""ev"": 0.09000000000000002, ""abs_pct"": 0.0003262570573826141}",,,strategy1,,s1
2750,2026-06-15T12:20:34.781582+00:00,KXXRP15M-26JUN150830-30,XRP price up in next 15 mins?,paper,no,44,54,23.76,64,0.641987356106745,0.54,1.22755,1.2311,565,1,0,expiry,loss,-24.53,-100.0,paper_1781526034781,XRP,0.35801264389325504,"{""win_prob"": 0.641987356106745, ""ev"": 0.08459935610674492, ""vel_delta"": 7.0, ""obi"": null, ""abs_pct"": 0.002883600032491401, ""mins_left"": 9.425257466666666, ""strike"": 1.2311}",,,strategy2,,s2
2749,2026-06-15T12:13:00Z,KXXRP15M-26JUN150815-15,KXXRP15M-26JUN150815-15,paper,yes,55,43,23.65,55,0.5555474509124408,0.43,1.2325,1.2315,120,1,0,expiry,loss,-24.6,-100.0,paper_1781525580031,XRP,0.5555474509124408,"{""win_prob"": 0.5555474509124408, ""ev"": 0.12554745091244085, ""abs_pct"": 0.0008120178643929272}",,,strategy1,,s1
2748,2026-06-15T00:50:42Z,KXSOL15M-26JUN142100-00,KXSOL15M-26JUN142100-00,paper,no,55,43,23.65,50,0.5,0.43,70.945,70.9507,558,1,0,expiry,loss,-24.6,-100.0,paper_1781484642091,SOL,0.5,"{""win_prob"": 0.5, ""ev"": 0.07, ""abs_pct"": 8.033747376705909e-05}",,,strategy1,,s1
2747,2026-06-15T00:48:09Z,KXETH15M-26JUN142100-00,KXETH15M-26JUN142100-00,paper,no,59,40,23.6,50,0.5,0.4,1720.325,1720.75,711,1,0,expiry,loss,-24.6,-100.0,paper_1781484489012,ETH,0.5,"{""win_prob"": 0.5, ""ev"": 0.09999999999999998, ""abs_pct"": 0.0002469853261658896}",,,strategy1,,s1
2746,2026-06-15T00:20:26Z,KXSOL15M-26JUN142030-30,KXSOL15M-26JUN142030-30,paper,yes,72,33,23.76,51,0.5134984778384482,0.33,71.565,71.528,573,1,100,expiry,win,47.12,203.03,paper_1781482826611,SOL,0.5134984778384482,"{""win_prob"": 0.5134984778384482, ""ev"": 0.18349847783844814, ""abs_pct"": 0.000517279946314617}",,,strategy1,,s1
2745,2026-06-14T23:09:34Z,KXXRP15M-26JUN141915-15,KXXRP15M-26JUN141915-15,paper,yes,53,45,23.85,55,0.5584090838158614,0.45,1.17455,1.1729,326,1,100,expiry,win,28.23,122.22,paper_1781478574013,XRP,0.5584090838158614,"{""win_prob"": 0.5584090838158614, ""ev"": 0.1084090838158614, ""abs_pct"": 0.001406769545570747}",,,strategy1,,s1
2744,2026-06-14T20:12:23Z,KXXRP15M-26JUN141615-15,KXXRP15M-26JUN141615-15,paper,no,58,41,23.78,50,0.5,0.41,1.1323,1.1325,156,1,100,expiry,win,33.23,143.9,paper_1781467943433,XRP,0.5,"{""win_prob"": 0.5, ""ev"": 0.09000000000000002, ""abs_pct"": 0.0001766004415010843}",,,strategy1,,s1
2743,2026-06-14T19:08:16Z,KXXRP15M-26JUN141515-15,KXXRP15M-26JUN141515-15,paper,no,61,39,23.79,50,0.5,0.39,1.13205,1.1321,403,1,0,expiry,loss,-24.81,-100.0,paper_1781464096848,XRP,0.5,"{""win_prob"": 0.5, ""ev"": 0.10999999999999999, ""abs_pct"": 4.416570974304877e-05}",,,strategy1,,s1
2742,2026-06-14T18:35:34Z,KXSOL15M-26JUN141445-45,KXSOL15M-26JUN141445-45,paper,no,58,41,23.78,50,0.5,0.41,67.245,67.255,565,1,0,expiry,loss,-24.77,-100.0,paper_1781462134327,SOL,0.5,"{""win_prob"": 0.5, ""ev"": 0.09000000000000002, ""abs_pct"": 0.00014868782990098736}",,,strategy1,,s1
2741,2026-06-14T18:33:32Z,KXETH15M-26JUN141445-45,KXETH15M-26JUN141445-45,paper,no,58,41,23.78,50,0.5,0.41,1658.775,1658.91,688,1,0,expiry,loss,-24.77,-100.0,paper_1781462012250,ETH,0.5,"{""win_prob"": 0.5, ""ev"": 0.09000000000000002, ""abs_pct"": 8.137873664031859e-05}",,,strategy1,,s1
2740,2026-06-14T18:03:18Z,KXXRP15M-26JUN141415-15,KXXRP15M-26JUN141415-15,paper,no,66,36,23.76,50,0.5,0.36,1.1323,1.1327,702,1,0,expiry,loss,-24.83,-100.0,paper_1781460198175,XRP,0.5,"{""win_prob"": 0.5, ""ev"": 0.14, ""abs_pct"": 0.0003531385185838756}",,,strategy1,,s1
2739,2026-06-14T18:03:16Z,KXETH15M-26JUN141415-15,KXETH15M-26JUN141415-15,paper,no,55,43,23.65,50,0.5,0.43,1660.645,1661.09,703,1,0,expiry,loss,-24.6,-100.0,paper_1781460196557,ETH,0.5,"{""win_prob"": 0.5, ""ev"": 0.07, ""abs_pct"": 0.00026789638129176406}",,,strategy1,,s1
2738,2026-06-14T17:37:25Z,KXSOL15M-26JUN141345-45,KXSOL15M-26JUN141345-45,paper,yes,59,40,23.6,52,0.5202631701193907,0.4,67.61,67.5633,454,1,0,expiry,loss,-24.6,-100.0,paper_1781458645720,SOL,0.5202631701193907,"{""win_prob"": 0.5202631701193907, ""ev"": 0.1202631701193907, ""abs_pct"": 0.0006912036564229589}",,,strategy1,,s1
2737,2026-06-14T17:27:52Z,KXETH15M-26JUN141330-30,KXETH15M-26JUN141330-30,paper,no,70,34,23.8,50,0.5,0.34,1663.515,1663.57,127,1,100,expiry,win,45.1,194.12,paper_1781458072380,ETH,0.5,"{""win_prob"": 0.5, ""ev"": 0.15999999999999998, ""abs_pct"": 3.306142813337358e-05}",,,strategy1,,s1
2736,2026-06-14T14:22:40Z,KXETH15M-26JUN141030-30,KXETH15M-26JUN141030-30,paper,no,66,36,23.76,55,0.5524705305338897,0.36,1663.78,1665.49,439,1,100,expiry,win,41.17,177.78,paper_1781446960695,ETH,0.4475294694661103,"{""win_prob"": 0.5524705305338897, ""ev"": 0.08752946946611029, ""abs_pct"": 0.001026724867756658}",,,strategy1,,s1
2735,2026-06-14T14:05:03Z,KXXRP15M-26JUN141015-15,KXXRP15M-26JUN141015-15,paper,no,55,43,23.65,50,0.5,0.43,1.13445,1.1343,596,1,0,expiry,loss,-24.6,-100.0,paper_1781445903398,XRP,0.5,"{""win_prob"": 0.5, ""ev"": 0.07, ""abs_pct"": 0.00022040024684835005}",,,strategy1,,s1
2734,2026-06-14T13:36:45Z,KXSOL15M-26JUN140945-45,KXSOL15M-26JUN140945-45,paper,no,61,39,23.79,50,0.5,0.39,67.6,67.6082,494,1,0,expiry,loss,-24.81,-100.0,paper_1781444205612,SOL,0.5,"{""win_prob"": 0.5, ""ev"": 0.10999999999999999, ""abs_pct"": 0.00012128706281194006}",,,strategy1,,s1
2733,2026-06-14T13:36:23Z,KXETH15M-26JUN140945-45,KXETH15M-26JUN140945-45,paper,no,55,43,23.65,50,0.5,0.43,1665.14,1665.16,517,1,0,expiry,loss,-24.6,-100.0,paper_1781444183226,ETH,0.5,"{""win_prob"": 0.5, ""ev"": 0.07, ""abs_pct"": 1.2010857815454256e-05}",,,strategy1,,s1
2732,2026-06-14T13:12:26Z,KXSOL15M-26JUN140915-15,KXSOL15M-26JUN140915-15,paper,no,72,33,23.76,50,0.5,0.33,67.74,67.7472,153,1,0,expiry,loss,-24.88,-100.0,paper_1781442746820,SOL,0.5,"{""win_prob"": 0.5, ""ev"": 0.16999999999999998, ""abs_pct"": 0.00010627745500938255}",,,strategy1,,s1
2731,2026-06-14T13:10:26Z,KXETH15M-26JUN140915-15,KXETH15M-26JUN140915-15,paper,no,68,35,23.8,50,0.5,0.35,1666.045,1666.29,274,1,0,expiry,loss,-24.89,-100.0,paper_1781442626188,ETH,0.5,"{""win_prob"": 0.5, ""ev"": 0.15000000000000002, ""abs_pct"": 0.00014703322950980374}",,,strategy1,,s1
2730,2026-06-14T12:20:58Z,KXSOL15M-26JUN140830-30,KXSOL15M-26JUN140830-30,paper,no,68,35,23.8,50,0.5,0.35,68.015,68.0245,541,1,100,expiry,win,43.11,185.71,paper_1781439658755,SOL,0.5,"{""win_prob"": 0.5, ""ev"": 0.15000000000000002, ""abs_pct"": 0.0001396555652743163}",,,strategy1,,s1
2729,2026-06-14T11:41:41Z,KXXRP15M-26JUN140745-45,KXXRP15M-26JUN140745-45,paper,no,55,43,23.65,50,0.5,0.43,1.14385,1.1439,199,1,0,expiry,loss,-24.6,-100.0,paper_1781437301041,XRP,0.5,"{""win_prob"": 0.5, ""ev"": 0.07, ""abs_pct"": 4.3710114520398176e-05}",,,strategy1,,s1
2728,2026-06-14T11:09:06Z,KXXRP15M-26JUN140715-15,KXXRP15M-26JUN140715-15,paper,no,63,38,23.94,50,0.5,0.38,1.14245,1.1427,353,1,0,expiry,loss,-24.98,-100.0,paper_1781435346792,XRP,0.5,"{""win_prob"": 0.5, ""ev"": 0.12, ""abs_pct"": 0.00021878008226138397}",,,strategy1,,s1
2727,2026-06-14T11:07:16Z,KXETH15M-26JUN140715-15,KXETH15M-26JUN140715-15,paper,no,58,41,23.78,50,0.5,0.41,1672.365,1672.47,463,1,0,expiry,loss,-24.77,-100.0,paper_1781435236382,ETH,0.5,"{""win_prob"": 0.5, ""ev"": 0.09000000000000002, ""abs_pct"": 6.278139518198724e-05}",,,strategy1,,s1
2726,2026-06-14T01:06:42Z,KXSOL15M-26JUN132115-15,KXSOL15M-26JUN132115-15,paper,no,63,38,23.94,50,0.5,0.38,68.735,68.7372,498,1,0,expiry,loss,-24.98,-100.0,paper_1781399202239,SOL,0.5,"{""win_prob"": 0.5, ""ev"": 0.12, ""abs_pct"": 3.2005958927654577e-05}",,,strategy1,,s1
2725,2026-06-14T00:23:46Z,KXXRP15M-26JUN132030-30,KXXRP15M-26JUN132030-30,paper,no,95,25,23.75,50,0.5,0.25,1.14835,1.1488,374,1,0,expiry,loss,-25.0,-100.0,paper_1781396626232,XRP,0.5,"{""win_prob"": 0.5, ""ev"": 0.25, ""abs_pct"": 0.00039171309192205907}",,,strategy1,,s1
2724,2026-06-13T23:56:24Z,KXXRP15M-26JUN132000-00,KXXRP15M-26JUN132000-00,paper,no,68,35,23.8,50,0.5,0.35,1.14995,1.1501,215,1,0,expiry,loss,-24.89,-100.0,paper_1781394984573,XRP,0.5,"{""win_prob"": 0.5, ""ev"": 0.15000000000000002, ""abs_pct"": 0.0001304234414397639}",,,strategy1,,s1
2723,2026-06-13T23:55:05Z,KXETH15M-26JUN132000-00,KXETH15M-26JUN132000-00,paper,no,61,39,23.79,50,0.5,0.39,1679.615,1679.71,295,1,0,expiry,loss,-24.81,-100.0,paper_1781394905153,ETH,0.5,"{""win_prob"": 0.5, ""ev"": 0.10999999999999999, ""abs_pct"": 5.6557381929039705e-05}",,,strategy1,,s1
2722,2026-06-13T23:26:59Z,KXETH15M-26JUN131930-30,KXETH15M-26JUN131930-30,paper,no,55,43,23.65,50,0.5,0.43,1680.855,1680.98,181,1,100,expiry,win,30.4,132.56,paper_1781393219190,ETH,0.5,"{""win_prob"": 0.5, ""ev"": 0.07, ""abs_pct"": 7.436138443051077e-05}",,,strategy1,,s1
2721,2026-06-13T23:07:43Z,KXSOL15M-26JUN131915-15,KXSOL15M-26JUN131915-15,paper,no,58,41,23.78,50,0.5,0.41,68.895,68.8967,436,1,0,expiry,loss,-24.77,-100.0,paper_1781392063828,SOL,0.5,"{""win_prob"": 0.5, ""ev"": 0.09000000000000002, ""abs_pct"": 2.4674621571128817e-05}",,,strategy1,,s1
2720,2026-06-13T22:51:04Z,KXETH15M-26JUN131900-00,KXETH15M-26JUN131900-00,paper,no,57,42,23.94,50,0.5,0.42,1682.235,1682.67,535,1,100,expiry,win,32.08,138.1,paper_1781391064585,ETH,0.5,"{""win_prob"": 0.5, ""ev"": 0.08000000000000002, ""abs_pct"": 0.00025851771292063967}",,,strategy1,,s1
2719,2026-06-13T22:49:24Z,KXSOL15M-26JUN131900-00,KXSOL15M-26JUN131900-00,paper,no,61,39,23.79,50,0.5,0.39,68.93,68.9583,635,1,100,expiry,win,36.19,156.41,paper_1781390964888,SOL,0.5,"{""win_prob"": 0.5, ""ev"": 0.10999999999999999, ""abs_pct"": 0.000410392947621785}",,,strategy1,,s1
2718,2026-06-13T20:50:07Z,KXXRP15M-26JUN131700-00,KXXRP15M-26JUN131700-00,paper,no,70,34,23.8,50,0.5,0.34,1.14575,1.1459,592,1,0,expiry,loss,-24.9,-100.0,paper_1781383807887,XRP,0.5,"{""win_prob"": 0.5, ""ev"": 0.15999999999999998, ""abs_pct"": 0.00013090147482317172}",,,strategy1,,s1
2717,2026-06-13T20:48:49Z,KXETH15M-26JUN131700-00,KXETH15M-26JUN131700-00,paper,no,58,41,23.78,50,0.5,0.41,1674.69,1674.74,670,1,0,expiry,loss,-24.77,-100.0,paper_1781383729520,ETH,0.5,"{""win_prob"": 0.5, ""ev"": 0.09000000000000002, ""abs_pct"": 2.9855380536653168e-05}",,,strategy1,,s1
2716,2026-06-13T20:36:59Z,KXXRP15M-26JUN131645-45,KXXRP15M-26JUN131645-45,paper,no,55,43,23.65,50,0.5,0.43,1.14605,1.1462,481,1,100,expiry,win,30.4,132.56,paper_1781383019084,XRP,0.5,"{""win_prob"": 0.5, ""ev"": 0.07, ""abs_pct"": 0.00013086721340088508}",,,strategy1,,s1
2715,2026-06-13T19:34:56Z,KXSOL15M-26JUN131545-45,KXSOL15M-26JUN131545-45,paper,no,57,42,23.94,50,0.5,0.42,68.045,68.0518,603,1,0,expiry,loss,-24.92,-100.0,paper_1781379296675,SOL,0.5,"{""win_prob"": 0.5, ""ev"": 0.08000000000000002, ""abs_pct"": 9.992388151376397e-05}",,,strategy1,,s1
2714,2026-06-13T19:34:01Z,KXETH15M-26JUN131545-45,KXETH15M-26JUN131545-45,paper,no,55,43,23.65,50,0.5,0.43,1676.055,1676.15,658,1,0,expiry,loss,-24.6,-100.0,paper_1781379241398,ETH,0.5,"{""win_prob"": 0.5, ""ev"": 0.07, ""abs_pct"": 5.6677504996585794e-05}",,,strategy1,,s1
2713,2026-06-13T19:33:06Z,KXXRP15M-26JUN131545-45,KXXRP15M-26JUN131545-45,paper,no,55,43,23.65,50,0.5,0.43,1.14475,1.1449,713,1,0,expiry,loss,-24.6,-100.0,paper_1781379186791,XRP,0.5,"{""win_prob"": 0.5, ""ev"": 0.07, ""abs_pct"": 0.00013101580924106427}",,,strategy1,,s1
2712,2026-06-13T19:09:50Z,KXSOL15M-26JUN131515-15,KXSOL15M-26JUN131515-15,paper,no,82,29,23.78,50,0.5,0.29,68.075,68.0915,309,1,0,expiry,loss,-24.97,-100.0,paper_1781377790785,SOL,0.5,"{""win_prob"": 0.5, ""ev"": 0.21000000000000002, ""abs_pct"": 0.00024232099454401095}",,,strategy1,,s1
2711,2026-06-13T17:25:25Z,KXXRP15M-26JUN131330-30,KXXRP15M-26JUN131330-30,paper,no,70,34,23.8,50,0.5,0.34,1.14555,1.1457,275,1,0,expiry,loss,-24.9,-100.0,paper_1781371525123,XRP,0.5,"{""win_prob"": 0.5, ""ev"": 0.15999999999999998, ""abs_pct"": 0.00013092432573961113}",,,strategy1,,s1
2710,2026-06-13T16:53:45Z,KXETH15M-26JUN131300-00,KXETH15M-26JUN131300-00,paper,no,76,31,23.56,50,0.5,0.31,1673.195,1673.46,374,1,0,expiry,loss,-24.7,-100.0,paper_1781369625540,ETH,0.5,"{""win_prob"": 0.5, ""ev"": 0.19, ""abs_pct"": 0.00015835454686703002}",,,strategy1,,s1
2709,2026-06-13T15:04:39Z,KXETH15M-26JUN131115-15,KXETH15M-26JUN131115-15,paper,no,61,39,23.79,50,0.5,0.39,1678.625,1678.75,620,1,0,expiry,loss,-24.81,-100.0,paper_1781363079757,ETH,0.5,"{""win_prob"": 0.5, ""ev"": 0.10999999999999999, ""abs_pct"": 7.44601638123604e-05}",,,strategy1,,s1
2708,2026-06-13T13:49:01Z,KXETH15M-26JUN131000-00,KXETH15M-26JUN131000-00,paper,no,74,32,23.68,57,0.5763289870634621,0.32,1676.0,1679.07,658,1,100,expiry,win,49.19,212.5,paper_1781358541591,ETH,0.42367101293653786,"{""win_prob"": 0.5763289870634621, ""ev"": 0.10367101293653785, ""abs_pct"": 0.0018283930985604749}",,,strategy1,,s1
2707,2026-06-13T12:18:21Z,KXETH15M-26JUN130830-30,KXETH15M-26JUN130830-30,paper,no,64,37,23.68,50,0.5,0.37,1676.715,1676.72,698,1,0,expiry,loss,-24.73,-100.0,paper_1781353101650,ETH,0.5,"{""win_prob"": 0.5, ""ev"": 0.13, ""abs_pct"": 2.9820125006614934e-06}",,,strategy1,,s1
2706,2026-06-12T23:33:50Z,KXETH15M-26JUN121945-45,KXETH15M-26JUN121945-45,paper,no,55,43,23.65,50,0.5,0.43,1660.895,1661.19,669,1,0,expiry,loss,-24.6,-100.0,paper_1781307230788,ETH,0.5,"{""win_prob"": 0.5, ""ev"": 0.07, ""abs_pct"": 0.0001775835395108764}",,,strategy1,,s1
2705,2026-06-12T23:25:25Z,KXXRP15M-26JUN121930-30,KXXRP15M-26JUN121930-30,paper,no,74,32,23.68,50,0.5,0.32,1.1292,1.1293,274,1,100,expiry,win,49.19,212.5,paper_1781306725653,XRP,0.5,"{""win_prob"": 0.5, ""ev"": 0.18, ""abs_pct"": 8.855042946957318e-05}",,,strategy1,,s1
2704,2026-06-12T22:48:49Z,KXETH15M-26JUN121900-00,KXETH15M-26JUN121900-00,paper,no,55,43,23.65,50,0.5,0.43,1661.465,1661.67,670,1,0,expiry,loss,-24.6,-100.0,paper_1781304529669,ETH,0.5,"{""win_prob"": 0.5, ""ev"": 0.07, ""abs_pct"": 0.0001233698628489138}",,,strategy1,,s1
2703,2026-06-12T22:48:05Z,KXSOL15M-26JUN121900-00,KXSOL15M-26JUN121900-00,paper,no,64,37,23.68,50,0.5,0.37,66.545,66.5483,714,1,0,expiry,loss,-24.73,-100.0,paper_1781304485506,SOL,0.5,"{""win_prob"": 0.5, ""ev"": 0.13, ""abs_pct"": 4.958804357129877e-05}",,,strategy1,,s1
2702,2026-06-12T20:13:22Z,KXXRP15M-26JUN121615-15,KXXRP15M-26JUN121615-15,paper,no,55,43,23.65,50,0.5,0.43,1.1311,1.1313,97,1,0,expiry,loss,-24.6,-100.0,paper_1781295202350,XRP,0.5,"{""win_prob"": 0.5, ""ev"": 0.07, ""abs_pct"": 0.00022098470785809375}",,,strategy1,,s1
2701,2026-06-12T19:36:58Z,KXSOL15M-26JUN121545-45,KXSOL15M-26JUN121545-45,paper,no,107,22,23.54,52,0.5205409738914294,0.22,67.16,67.2085,482,1,100,expiry,win,82.17,354.55,paper_1781293018127,SOL,0.4794590261085706,"{""win_prob"": 0.5205409738914294, ""ev"": 0.25945902610857063, ""abs_pct"": 0.0007216349122507452}",,,strategy1,,s1
2700,2026-06-12T17:55:34Z,KXETH15M-26JUN121400-00,KXETH15M-26JUN121400-00,paper,no,63,38,23.94,50,0.5,0.38,1667.805,1667.98,265,1,100,expiry,win,38.02,163.16,paper_1781286934465,ETH,0.5,"{""win_prob"": 0.5, ""ev"": 0.12, ""abs_pct"": 0.00010491732514775628}",,,strategy1,,s1
2699,2026-06-12T15:03:39Z,KXETH15M-26JUN121115-15,KXETH15M-26JUN121115-15,paper,yes,66,36,23.76,52,0.5237805444129076,0.36,1684.805,1683.83,680,1,100,expiry,win,41.17,177.78,paper_1781276619634,ETH,0.5237805444129076,"{""win_prob"": 0.5237805444129076, ""ev"": 0.16378054441290757, ""abs_pct"": 0.0005790370761894826}",,,strategy1,,s1
2698,2026-06-12T12:40:26Z,KXXRP15M-26JUN120845-45,KXXRP15M-26JUN120845-45,paper,no,57,42,23.94,50,0.5,0.42,1.13465,1.1349,274,1,0,expiry,loss,-24.92,-100.0,paper_1781268026173,XRP,0.5,"{""win_prob"": 0.5, ""ev"": 0.08000000000000002, ""abs_pct"": 0.00022028372543843818}",,,strategy1,,s1
2697,2026-06-12T12:19:19Z,KXETH15M-26JUN120830-30,KXETH15M-26JUN120830-30,paper,no,57,42,23.94,50,0.5,0.42,1668.845,1668.93,640,1,100,expiry,win,32.08,138.1,paper_1781266759856,ETH,0.5,"{""win_prob"": 0.5, ""ev"": 0.08000000000000002, ""abs_pct"": 5.09308359248359e-05}",,,strategy1,,s1
2696,2026-06-12T12:10:31Z,KXSOL15M-26JUN120815-15,KXSOL15M-26JUN120815-15,paper,no,61,39,23.79,51,0.5192739463881195,0.39,66.835,66.8688,268,1,100,expiry,win,36.19,156.41,paper_1781266231584,SOL,0.4807260536118805,"{""win_prob"": 0.5192739463881195, ""ev"": 0.09072605361188046, ""abs_pct"": 0.0005054674227741397}",,,strategy1,,s1
2695,2026-06-12T11:55:48Z,KXETH15M-26JUN120800-00,KXETH15M-26JUN120800-00,paper,no,55,43,23.65,50,0.5,0.43,1672.85,1673.2,251,1,100,expiry,win,30.4,132.56,paper_1781265348569,ETH,0.5,"{""win_prob"": 0.5, ""ev"": 0.07, ""abs_pct"": 0.00020918001434385393}",,,strategy1,,s1
2694,2026-06-12T11:11:58Z,KXETH15M-26JUN120715-15,KXETH15M-26JUN120715-15,paper,no,57,42,23.94,50,0.5,0.42,1672.975,1673.42,182,1,0,expiry,loss,-24.92,-100.0,paper_1781262718018,ETH,0.5,"{""win_prob"": 0.5, ""ev"": 0.08000000000000002, ""abs_pct"": 0.0002659224821026184}",,,strategy1,,s1
2693,2026-06-12T11:04:07Z,KXXRP15M-26JUN120715-15,KXXRP15M-26JUN120715-15,paper,no,66,36,23.76,50,0.5,0.36,1.14245,1.1427,652,1,0,expiry,loss,-24.83,-100.0,paper_1781262247929,XRP,0.5,"{""win_prob"": 0.5, ""ev"": 0.14, ""abs_pct"": 0.00021878008226138397}",,,strategy1,,s1
2692,2026-06-12T01:57:12Z,KXETH15M-26JUN112200-00,KXETH15M-26JUN112200-00,paper,no,59,40,23.6,50,0.5,0.4,1663.205,1663.37,168,1,0,expiry,loss,-24.6,-100.0,paper_1781229432065,ETH,0.5,"{""win_prob"": 0.5, ""ev"": 0.09999999999999998, ""abs_pct"": 9.919621010356302e-05}",,,strategy1,,s1
2691,2026-06-12T01:38:50Z,KXSOL15M-26JUN112145-45,KXSOL15M-26JUN112145-45,paper,no,55,43,23.65,50,0.5,0.43,66.43,66.4627,369,1,0,expiry,loss,-24.6,-100.0,paper_1781228330447,SOL,0.5,"{""win_prob"": 0.5, ""ev"": 0.07, ""abs_pct"": 0.000492005290185191}",,,strategy1,,s1
2690,2026-06-12T01:18:06Z,KXSOL15M-26JUN112130-30,KXSOL15M-26JUN112130-30,paper,no,58,41,23.78,50,0.5,0.41,66.64,66.6613,714,1,100,expiry,win,33.23,143.9,paper_1781227086088,SOL,0.5,"{""win_prob"": 0.5, ""ev"": 0.09000000000000002, ""abs_pct"": 0.00031952572182055474}",,,strategy1,,s1
2689,2026-06-11T22:50:15Z,KXETH15M-26JUN111900-00,KXETH15M-26JUN111900-00,paper,no,57,42,23.94,50,0.5,0.42,1675.22,1675.23,584,1,0,expiry,loss,-24.92,-100.0,paper_1781218215697,ETH,0.5,"{""win_prob"": 0.5, ""ev"": 0.08000000000000002, ""abs_pct"": 5.969329584588925e-06}",,,strategy1,,s1
2688,2026-06-11T22:40:58Z,KXSOL15M-26JUN111845-45,KXSOL15M-26JUN111845-45,paper,no,61,39,23.79,50,0.5,0.39,66.9,66.9297,241,1,100,expiry,win,36.19,156.41,paper_1781217658688,SOL,0.5,"{""win_prob"": 0.5, ""ev"": 0.10999999999999999, ""abs_pct"": 0.00044374918758026974}",,,strategy1,,s1
2687,2026-06-11T22:40:25Z,KXETH15M-26JUN111845-45,KXETH15M-26JUN111845-45,paper,no,59,40,23.6,50,0.5,0.4,1676.52,1676.63,274,1,100,expiry,win,34.4,150.0,paper_1781217625345,ETH,0.5,"{""win_prob"": 0.5, ""ev"": 0.09999999999999998, ""abs_pct"": 6.560779659204913e-05}",,,strategy1,,s1
2686,2026-06-11T20:33:59Z,KXSOL15M-26JUN111645-45,KXSOL15M-26JUN111645-45,paper,no,55,43,23.65,50,0.5,0.43,66.52,66.5213,660,1,100,expiry,win,30.4,132.56,paper_1781210039580,SOL,0.5,"{""win_prob"": 0.5, ""ev"": 0.07, ""abs_pct"": 1.9542612666928082e-05}",,,strategy1,,s1
2685,2026-06-11T20:19:20Z,KXSOL15M-26JUN111630-30,KXSOL15M-26JUN111630-30,paper,no,55,43,23.65,50,0.5,0.43,66.805,66.8053,639,1,0,expiry,loss,-24.6,-100.0,paper_1781209160690,SOL,0.5,"{""win_prob"": 0.5, ""ev"": 0.07, ""abs_pct"": 4.490661668995545e-06}",,,strategy1,,s1
2684,2026-06-11T17:10:36Z,KXSOL15M-26JUN111315-15,KXSOL15M-26JUN111315-15,paper,no,103,23,23.69,50,0.5,0.23,65.325,65.3292,263,1,100,expiry,win,78.03,334.78,paper_1781197836867,SOL,0.5,"{""win_prob"": 0.5, ""ev"": 0.27, ""abs_pct"": 6.428978159838659e-05}",,,strategy1,,s1
2683,2026-06-11T15:34:28Z,KXXRP15M-26JUN111145-45,KXXRP15M-26JUN111145-45,paper,no,58,41,23.78,50,0.5,0.41,1.113,1.1134,631,1,100,expiry,win,33.23,143.9,paper_1781192068807,XRP,0.5,"{""win_prob"": 0.5, ""ev"": 0.09000000000000002, ""abs_pct"": 0.0003592599245553763}",,,strategy1,,s1
2682,2026-06-11T14:36:35Z,KXXRP15M-26JUN111045-45,KXXRP15M-26JUN111045-45,paper,no,59,40,23.6,51,0.5194830009658217,0.4,1.11325,1.1139,504,1,0,expiry,loss,-24.6,-100.0,paper_1781188595647,XRP,0.4805169990341783,"{""win_prob"": 0.5194830009658217, ""ev"": 0.0805169990341783, ""abs_pct"": 0.0005835353263307456}",,,strategy1,,s1
2681,2026-06-11T14:23:02Z,KXSOL15M-26JUN111030-30,KXSOL15M-26JUN111030-30,paper,no,58,41,23.78,50,0.5,0.41,65.095,65.1098,417,1,0,expiry,loss,-24.77,-100.0,paper_1781187782431,SOL,0.5,"{""win_prob"": 0.5, ""ev"": 0.09000000000000002, ""abs_pct"": 0.00022730833146482001}",,,strategy1,,s1
2680,2026-06-11T12:38:25Z,KXXRP15M-26JUN110845-45,KXXRP15M-26JUN110845-45,paper,no,70,34,23.8,50,0.5,0.34,1.11105,1.1113,395,1,0,expiry,loss,-24.9,-100.0,paper_1781181505179,XRP,0.5,"{""win_prob"": 0.5, ""ev"": 0.15999999999999998, ""abs_pct"": 0.0002249617565012701}",,,strategy1,,s1
2679,2026-06-11T12:38:24Z,KXSOL15M-26JUN110845-45,KXSOL15M-26JUN110845-45,paper,no,55,43,23.65,50,0.5,0.43,65.03,65.0478,395,1,0,expiry,loss,-24.6,-100.0,paper_1781181504874,SOL,0.5,"{""win_prob"": 0.5, ""ev"": 0.07, ""abs_pct"": 0.00027364491958212336}",,,strategy1,,s1
2678,2026-06-10T23:18:09Z,KXXRP15M-26JUN101930-30,KXXRP15M-26JUN101930-30,paper,no,70,34,23.8,51,0.514194352440591,0.34,1.08975,1.0903,710,1,0,expiry,loss,-24.9,-100.0,paper_1781133489873,XRP,0.485805647559409,"{""win_prob"": 0.514194352440591, ""ev"": 0.145805647559409, ""abs_pct"": 0.000504448316977025}",,,strategy1,,s1
2677,2026-06-10T21:25:23Z,KXETH15M-26JUN101730-30,KXETH15M-26JUN101730-30,paper,no,63,38,23.94,50,0.5,0.38,1616.15,1616.33,277,1,0,expiry,loss,-24.98,-100.0,paper_1781126723105,ETH,0.5,"{""win_prob"": 0.5, ""ev"": 0.12, ""abs_pct"": 0.00011136339732593982}",,,strategy1,,s1
2676,2026-06-10T20:22:38Z,KXXRP15M-26JUN101630-30,KXXRP15M-26JUN101630-30,paper,no,88,27,23.76,52,0.5227456087080415,0.27,1.0977,1.0984,441,1,0,expiry,loss,-24.98,-100.0,paper_1781122958670,XRP,0.47725439129195846,"{""win_prob"": 0.5227456087080415, ""ev"": 0.20725439129195844, ""abs_pct"": 0.000637290604515791}",,,strategy1,,s1
2675,2026-06-10T19:42:49Z,KXXRP15M-26JUN101545-45,KXXRP15M-26JUN101545-45,paper,no,63,38,23.94,54,0.5416972763507766,0.38,1.0997,1.0998,131,1,0,expiry,loss,-24.98,-100.0,paper_1781120569286,XRP,0.4583027236492234,"{""win_prob"": 0.5416972763507766, ""ev"": 0.07830272364922342, ""abs_pct"": 0.000636479359883747}",,,strategy1,,s1
2674,2026-06-10T19:25:39Z,KXSOL15M-26JUN101530-30,KXSOL15M-26JUN101530-30,paper,no,74,32,23.68,53,0.5369798453411794,0.32,63.51,63.5708,261,1,100,expiry,win,49.19,212.5,paper_1781119539051,SOL,0.4630201546588206,"{""win_prob"": 0.5369798453411794, ""ev"": 0.14302015465882062, ""abs_pct"": 0.0009564139510592979}",,,strategy1,,s1
2673,2026-06-10T17:24:18Z,KXXRP15M-26JUN101330-30,KXXRP15M-26JUN101330-30,paper,no,58,41,23.78,50,0.5,0.41,1.1119,1.1124,341,1,100,expiry,win,33.23,143.9,paper_1781112258789,XRP,0.5,"{""win_prob"": 0.5, ""ev"": 0.09000000000000002, ""abs_pct"": 0.0004494786048183611}",,,strategy1,,s1
2672,2026-06-10T15:38:34Z,KXETH15M-26JUN101145-45,KXETH15M-26JUN101145-45,paper,yes,54,44,23.76,53,0.5335754666030571,0.44,1649.625,1648.61,385,1,100,expiry,win,29.3,127.27,paper_1781105914249,ETH,0.5335754666030571,"{""win_prob"": 0.5335754666030571, ""ev"": 0.0935754666030571, ""abs_pct"": 0.0006156701706286509}",,,strategy1,,s1
2671,2026-06-10T11:34:08Z,KXXRP15M-26JUN100745-45,KXXRP15M-26JUN100745-45,paper,no,57,42,23.94,50,0.5,0.42,1.1019,1.1023,652,1,0,expiry,loss,-24.92,-100.0,paper_1781091248200,XRP,0.5,"{""win_prob"": 0.5, ""ev"": 0.08000000000000002, ""abs_pct"": 0.00036287761952277596}",,,strategy1,,s1
2670,2026-06-10T11:33:24Z,KXETH15M-26JUN100745-45,KXETH15M-26JUN100745-45,paper,no,58,41,23.78,50,0.5,0.41,1614.765,1615.27,696,1,0,expiry,loss,-24.77,-100.0,paper_1781091204020,ETH,0.5,"{""win_prob"": 0.5, ""ev"": 0.09000000000000002, ""abs_pct"": 0.00031264123025864516}",,,strategy1,,s1
2669,2026-06-10T11:33:13Z,KXSOL15M-26JUN100745-45,KXSOL15M-26JUN100745-45,paper,no,58,41,23.78,50,0.5,0.41,63.155,63.1717,707,1,0,expiry,loss,-24.77,-100.0,paper_1781091193210,SOL,0.5,"{""win_prob"": 0.5, ""ev"": 0.09000000000000002, ""abs_pct"": 0.00026435888222099707}",,,strategy1,,s1
2668,2026-06-10T11:21:16Z,KXXRP15M-26JUN100730-30,KXXRP15M-26JUN100730-30,paper,no,74,32,23.68,50,0.5,0.32,1.10525,1.1057,523,1,0,expiry,loss,-24.81,-100.0,paper_1781090476814,XRP,0.5,"{""win_prob"": 0.5, ""ev"": 0.18, ""abs_pct"": 0.0004069820023513064}",,,strategy1,,s1
2667,2026-06-09T23:06:27Z,KXSOL15M-26JUN091915-15,KXSOL15M-26JUN091915-15,paper,no,55,43,23.65,50,0.5,0.43,64.835,64.8368,512,1,0,expiry,loss,-24.6,-100.0,paper_1781046387968,SOL,0.5,"{""win_prob"": 0.5, ""ev"": 0.07, ""abs_pct"": 2.7762011697105818e-05}",,,strategy1,,s1
2666,2026-06-09T23:03:41Z,KXXRP15M-26JUN091915-15,KXXRP15M-26JUN091915-15,paper,no,61,39,23.79,50,0.5,0.39,1.1343,1.1346,678,1,0,expiry,loss,-24.81,-100.0,paper_1781046221434,XRP,0.5,"{""win_prob"": 0.5, ""ev"": 0.10999999999999999, ""abs_pct"": 0.00026441036488627443}",,,strategy1,,s1
2665,2026-06-09T23:03:40Z,KXETH15M-26JUN091915-15,KXETH15M-26JUN091915-15,paper,no,61,39,23.79,50,0.5,0.39,1638.365,1639.06,679,1,100,expiry,win,36.19,156.41,paper_1781046220633,ETH,0.5,"{""win_prob"": 0.5, ""ev"": 0.10999999999999999, ""abs_pct"": 0.000424023525679314}",,,strategy1,,s1
2664,2026-06-09T21:36:53Z,KXSOL15M-26JUN091745-45,KXSOL15M-26JUN091745-45,paper,no,57,42,23.94,50,0.5,0.42,65.095,65.1005,486,1,100,expiry,win,32.08,138.1,paper_1781041013493,SOL,0.5,"{""win_prob"": 0.5, ""ev"": 0.08000000000000002, ""abs_pct"": 8.448475818154761e-05}",,,strategy1,,s1
2663,2026-06-09T20:10:41Z,KXXRP15M-26JUN091615-15,KXXRP15M-26JUN091615-15,paper,yes,63,38,23.94,52,0.5265545207135623,0.38,1.14195,1.1413,258,1,100,expiry,win,38.02,163.16,paper_1781035841501,XRP,0.5265545207135623,"{""win_prob"": 0.5265545207135623, ""ev"": 0.14655452071356234, ""abs_pct"": 0.0005695259791466218}",,,strategy1,,s1
2662,2026-06-09T19:20:51Z,KXETH15M-26JUN091530-30,KXETH15M-26JUN091530-30,paper,no,63,38,23.94,50,0.5,0.38,1648.655,1648.72,548,1,0,expiry,loss,-24.98,-100.0,paper_1781032851882,ETH,0.5,"{""win_prob"": 0.5, ""ev"": 0.12, ""abs_pct"": 3.9424523266567135e-05}",,,strategy1,,s1
2661,2026-06-09T18:28:28Z,KXXRP15M-26JUN091430-30,KXXRP15M-26JUN091430-30,paper,no,72,33,23.76,50,0.5,0.33,1.13725,1.1377,91,1,0,expiry,loss,-24.88,-100.0,paper_1781029708603,XRP,0.5,"{""win_prob"": 0.5, ""ev"": 0.16999999999999998, ""abs_pct"": 0.000395534851015065}",,,strategy1,,s1
2660,2026-06-09T16:54:30Z,KXETH15M-26JUN091300-00,KXETH15M-26JUN091300-00,paper,no,57,42,23.94,50,0.5,0.42,1625.05,1625.44,330,1,0,expiry,loss,-24.92,-100.0,paper_1781024070014,ETH,0.5,"{""win_prob"": 0.5, ""ev"": 0.08000000000000002, ""abs_pct"": 0.00023993503297574812}",,,strategy1,,s1
2659,2026-06-09T16:25:17Z,KXETH15M-26JUN091230-30,KXETH15M-26JUN091230-30,paper,no,58,41,23.78,50,0.5,0.41,1628.8,1629.6,283,1,100,expiry,win,33.23,143.9,paper_1781022317089,ETH,0.5,"{""win_prob"": 0.5, ""ev"": 0.09000000000000002, ""abs_pct"": 0.0004909180166911847}",,,strategy1,,s1
2658,2026-06-09T16:09:43Z,KXXRP15M-26JUN091215-15,KXXRP15M-26JUN091215-15,paper,no,64,37,23.68,54,0.5430059932188268,0.37,1.12605,1.1272,316,1,100,expiry,win,39.27,170.27,paper_1781021383676,XRP,0.4569940067811732,"{""win_prob"": 0.5430059932188268, ""ev"": 0.0869940067811732, ""abs_pct"": 0.0010202271114265297}",,,strategy1,,s1
2657,2026-06-09T15:40:18Z,KXXRP15M-26JUN091145-45,KXXRP15M-26JUN091145-45,paper,no,58,41,23.78,50,0.5,0.41,1.1333,1.134,281,1,0,expiry,loss,-24.77,-100.0,paper_1781019618544,XRP,0.5,"{""win_prob"": 0.5, ""ev"": 0.09000000000000002, ""abs_pct"": 0.0003527336860669806}",,,strategy1,,s1
2656,2026-06-09T14:51:31Z,KXETH15M-26JUN091100-00,KXETH15M-26JUN091100-00,paper,no,61,39,23.79,50,0.5,0.39,1637.18,1637.23,508,1,0,expiry,loss,-24.81,-100.0,paper_1781016691714,ETH,0.5,"{""win_prob"": 0.5, ""ev"": 0.10999999999999999, ""abs_pct"": 3.053938664693081e-05}",,,strategy1,,s1
2655,2026-06-09T14:48:13.687559+00:00,KXETH15M-26JUN091100-00,ETH price up in next 15 mins?,paper,no,43,56,24.08,61,0.6173176387139053,0.56,1633.29,1637.23,706,1,0,expiry,loss,-24.83,-100.0,paper_1781016493687,ETH,0.3826823612860947,"{""win_prob"": 0.6173176387139053, ""ev"": 0.04006963871390527, ""vel_delta"": 3.6666666666666643, ""obi"": null, ""abs_pct"": 0.0024065036677803696, ""mins_left"": 11.777616133333334, ""strike"": 1637.23}",,,strategy2,,s2
2654,2026-06-09T13:39:36Z,KXSOL15M-26JUN090945-45,KXSOL15M-26JUN090945-45,paper,no,66,36,23.76,51,0.5178127156579845,0.36,65.675,65.7087,323,1,0,expiry,loss,-24.83,-100.0,paper_1781012376419,SOL,0.4821872843420155,"{""win_prob"": 0.5178127156579845, ""ev"": 0.12218728434201553, ""abs_pct"": 0.0005128696808793366}",,,strategy1,,s1
2653,2026-06-09T12:57:31Z,KXETH15M-26JUN090900-00,KXETH15M-26JUN090900-00,paper,no,91,26,23.66,50,0.5,0.26,1672.935,1673.55,149,1,0,expiry,loss,-24.89,-100.0,paper_1781009851153,ETH,0.5,"{""win_prob"": 0.5, ""ev"": 0.24, ""abs_pct"": 0.00036748229810881604}",,,strategy1,,s1
2652,2026-06-09T11:57:59Z,KXETH15M-26JUN090800-00,KXETH15M-26JUN090800-00,paper,no,61,39,23.79,50,0.5,0.39,1670.685,1670.71,120,1,0,expiry,loss,-24.81,-100.0,paper_1781006279376,ETH,0.5,"{""win_prob"": 0.5, ""ev"": 0.10999999999999999, ""abs_pct"": 1.496369806854029e-05}",,,strategy1,,s1
2651,2026-06-09T11:33:11Z,KXSOL15M-26JUN090745-45,KXSOL15M-26JUN090745-45,paper,no,57,42,23.94,50,0.5,0.42,65.965,65.966,708,1,0,expiry,loss,-24.92,-100.0,paper_1781004791711,SOL,0.5,"{""win_prob"": 0.5, ""ev"": 0.08000000000000002, ""abs_pct"": 1.5159324500357215e-05}",,,strategy1,,s1
2650,2026-06-09T11:27:02Z,KXXRP15M-26JUN090730-30,KXXRP15M-26JUN090730-30,paper,no,59,40,23.6,50,0.5,0.4,1.1527,1.1529,177,1,0,expiry,loss,-24.6,-100.0,paper_1781004422857,XRP,0.5,"{""win_prob"": 0.5, ""ev"": 0.09999999999999998, ""abs_pct"": 0.00017347558331162977}",,,strategy1,,s1
2648,2026-06-09T01:36:49Z,KXXRP15M-26JUN082145-45,KXXRP15M-26JUN082145-45,paper,no,57,42,23.94,50,0.5,0.42,1.1556,1.1559,490,1,100,expiry,win,32.08,138.1,paper_1780969009572,XRP,0.5,"{""win_prob"": 0.5, ""ev"": 0.08000000000000002, ""abs_pct"": 0.0002595380223202413}",,,strategy1,,s1
2647,2026-06-09T01:34:57Z,KXETH15M-26JUN082145-45,KXETH15M-26JUN082145-45,paper,no,59,40,23.6,50,0.5,0.4,1671.215,1671.26,602,1,100,expiry,win,34.4,150.0,paper_1780968897558,ETH,0.5,"{""win_prob"": 0.5, ""ev"": 0.09999999999999998, ""abs_pct"": 2.692579251586992e-05}",,,strategy1,,s1
2646,2026-06-09T01:09:11Z,KXSOL15M-26JUN082115-15,KXSOL15M-26JUN082115-15,paper,no,95,25,23.75,50,0.5,0.25,65.405,65.4103,348,1,0,expiry,loss,-25.0,-100.0,paper_1780967351471,SOL,0.5,"{""win_prob"": 0.5, ""ev"": 0.25, ""abs_pct"": 8.102699421964753e-05}",,,strategy1,,s1
2645,2026-06-09T01:07:17Z,KXETH15M-26JUN082115-15,KXETH15M-26JUN082115-15,paper,no,55,43,23.65,50,0.5,0.43,1662.62,1662.7,462,1,0,expiry,loss,-24.6,-100.0,paper_1780967237620,ETH,0.5,"{""win_prob"": 0.5, ""ev"": 0.07, ""abs_pct"": 4.811451253993782e-05}",,,strategy1,,s1
2644,2026-06-09T00:42:11Z,KXXRP15M-26JUN082045-45,KXXRP15M-26JUN082045-45,paper,no,72,33,23.76,50,0.5,0.33,1.15815,1.1587,169,1,100,expiry,win,47.12,203.03,paper_1780965731199,XRP,0.5,"{""win_prob"": 0.5, ""ev"": 0.16999999999999998, ""abs_pct"": 0.00047466988866837873}",,,strategy1,,s1
2643,2026-06-08T23:40:36Z,KXSOL15M-26JUN081945-45,KXSOL15M-26JUN081945-45,paper,no,55,43,23.65,50,0.5,0.43,66.83,66.8333,263,1,0,expiry,loss,-24.6,-100.0,paper_1780962036907,SOL,0.5,"{""win_prob"": 0.5, ""ev"": 0.07, ""abs_pct"": 4.9376583230154164e-05}",,,strategy1,,s1
2642,2026-06-08T23:37:12Z,KXETH15M-26JUN081945-45,KXETH15M-26JUN081945-45,paper,no,59,40,23.6,50,0.5,0.4,1696.775,1697.48,467,1,100,expiry,win,34.4,150.0,paper_1780961832865,ETH,0.5,"{""win_prob"": 0.5, ""ev"": 0.09999999999999998, ""abs_pct"": 0.0004153215354525103}",,,strategy1,,s1
2641,2026-06-08T23:11:05Z,KXXRP15M-26JUN081915-15,KXXRP15M-26JUN081915-15,paper,no,68,35,23.8,50,0.5,0.35,1.17785,1.1779,234,1,0,expiry,loss,-24.89,-100.0,paper_1780960265917,XRP,0.5,"{""win_prob"": 0.5, ""ev"": 0.15000000000000002, ""abs_pct"": 4.244842516332751e-05}",,,strategy1,,s1
2640,2026-06-08T22:56:36Z,KXXRP15M-26JUN081900-00,KXXRP15M-26JUN081900-00,paper,no,103,23,23.69,53,0.531263287287418,0.23,1.1748,1.1755,204,1,0,expiry,loss,-24.97,-100.0,paper_1780959396166,XRP,0.468736712712582,"{""win_prob"": 0.531263287287418, ""ev"": 0.23873671271258198, ""abs_pct"": 0.0005954912803061871}",,,strategy1,,s1
2639,2026-06-08T22:41:39Z,KXSOL15M-26JUN081845-45,KXSOL15M-26JUN081845-45,paper,no,64,37,23.68,50,0.5,0.37,67.09,67.099,201,1,100,expiry,win,39.27,170.27,paper_1780958499218,SOL,0.5,"{""win_prob"": 0.5, ""ev"": 0.13, ""abs_pct"": 0.0001341301658743102}",,,strategy1,,s1
2638,2026-06-08T22:26:22Z,KXSOL15M-26JUN081830-30,KXSOL15M-26JUN081830-30,paper,no,64,37,23.68,50,0.5,0.37,67.04,67.0643,217,1,0,expiry,loss,-24.73,-100.0,paper_1780957582831,SOL,0.5,"{""win_prob"": 0.5, ""ev"": 0.13, ""abs_pct"": 0.0003623388300481278}",,,strategy1,,s1
2637,2026-06-08T21:49:35Z,KXXRP15M-26JUN081800-00,KXXRP15M-26JUN081800-00,paper,no,57,42,23.94,50,0.5,0.42,1.18345,1.1836,625,1,100,expiry,win,32.08,138.1,paper_1780955375239,XRP,0.5,"{""win_prob"": 0.5, ""ev"": 0.08000000000000002, ""abs_pct"": 0.00012673200405550399}",,,strategy1,,s1
2636,2026-06-08T21:40:33Z,KXSOL15M-26JUN081745-45,KXSOL15M-26JUN081745-45,paper,no,59,40,23.6,50,0.5,0.4,67.76,67.7957,266,1,0,expiry,loss,-24.6,-100.0,paper_1780954833435,SOL,0.5,"{""win_prob"": 0.5, ""ev"": 0.09999999999999998, ""abs_pct"": 8.407612872188455e-05}",,,strategy1,,s1
2635,2026-06-08T21:26:26Z,KXETH15M-26JUN081730-30,KXETH15M-26JUN081730-30,paper,no,61,39,23.79,50,0.5,0.39,1708.785,1709.32,213,1,100,expiry,win,36.19,156.41,paper_1780953986901,ETH,0.5,"{""win_prob"": 0.5, ""ev"": 0.10999999999999999, ""abs_pct"": 0.0003129899609200469}",,,strategy1,,s1
2634,2026-06-08T21:24:16Z,KXXRP15M-26JUN081730-30,KXXRP15M-26JUN081730-30,paper,no,68,35,23.8,50,0.5,0.35,1.18335,1.1835,343,1,0,expiry,loss,-24.89,-100.0,paper_1780953856810,XRP,0.5,"{""win_prob"": 0.5, ""ev"": 0.15000000000000002, ""abs_pct"": 0.00012674271229412294}",,,strategy1,,s1
2633,2026-06-08T20:53:39Z,KXETH15M-26JUN081700-00,KXETH15M-26JUN081700-00,paper,no,55,43,23.65,50,0.5,0.43,1686.355,1686.45,381,1,0,expiry,loss,-24.6,-100.0,paper_1780952019080,ETH,0.5,"{""win_prob"": 0.5, ""ev"": 0.07, ""abs_pct"": 5.633134691216893e-05}",,,strategy1,,s1
2632,2026-06-08T20:22:31Z,KXSOL15M-26JUN081630-30,KXSOL15M-26JUN081630-30,paper,no,63,38,23.94,50,0.5,0.38,67.065,67.0932,449,1,100,expiry,win,38.02,163.16,paper_1780950151361,SOL,0.5,"{""win_prob"": 0.5, ""ev"": 0.12, ""abs_pct"": 0.0004203108511741611}",,,strategy1,,s1
2631,2026-06-08T20:22:30Z,KXETH15M-26JUN081630-30,KXETH15M-26JUN081630-30,paper,no,103,23,23.69,50,0.5,0.23,1682.105,1682.5,449,1,100,expiry,win,78.03,334.78,paper_1780950150504,ETH,0.5,"{""win_prob"": 0.5, ""ev"": 0.27, ""abs_pct"": 0.00023476968796432796}",,,strategy1,,s1
2630,2026-06-08T20:07:53Z,KXXRP15M-26JUN081615-15,KXXRP15M-26JUN081615-15,paper,no,55,43,23.65,50,0.5,0.43,1.1776,1.1778,427,1,100,expiry,win,30.4,132.56,paper_1780949273165,XRP,0.5,"{""win_prob"": 0.5, ""ev"": 0.07, ""abs_pct"": 0.00016980811682796568}",,,strategy1,,s1
2629,2026-06-08T19:41:57Z,KXXRP15M-26JUN081545-45,KXXRP15M-26JUN081545-45,paper,no,58,41,23.78,50,0.5,0.41,1.18215,1.1823,182,1,100,expiry,win,33.23,143.9,paper_1780947717581,XRP,0.5,"{""win_prob"": 0.5, ""ev"": 0.09000000000000002, ""abs_pct"": 0.00012687135244850923}",,,strategy1,,s1
2628,2026-06-08T19:25:27Z,KXETH15M-26JUN081530-30,KXETH15M-26JUN081530-30,paper,no,61,39,23.79,50,0.5,0.39,1684.48,1684.64,273,1,0,expiry,loss,-24.81,-100.0,paper_1780946727153,ETH,0.5,"{""win_prob"": 0.5, ""ev"": 0.10999999999999999, ""abs_pct"": 9.497578117584876e-05}",,,strategy1,,s1
2627,2026-06-08T19:24:30Z,KXSOL15M-26JUN081530-30,KXSOL15M-26JUN081530-30,paper,no,58,41,23.78,50,0.5,0.41,67.58,67.5847,329,1,0,expiry,loss,-24.77,-100.0,paper_1780946670532,SOL,0.5,"{""win_prob"": 0.5, ""ev"": 0.09000000000000002, ""abs_pct"": 6.954236683746032e-05}",,,strategy1,,s1
2626,2026-06-08T19:13:17Z,KXETH15M-26JUN081515-15,KXETH15M-26JUN081515-15,paper,no,59,40,23.6,50,0.5,0.4,1683.245,1683.75,102,1,0,expiry,loss,-24.6,-100.0,paper_1780945997934,ETH,0.5,"{""win_prob"": 0.5, ""ev"": 0.09999999999999998, ""abs_pct"": 0.00029992576095032466}",,,strategy1,,s1
2625,2026-06-08T19:10:39Z,KXSOL15M-26JUN081515-15,KXSOL15M-26JUN081515-15,paper,no,59,40,23.6,50,0.5,0.4,67.41,67.4142,260,1,0,expiry,loss,-24.6,-100.0,paper_1780945839845,SOL,0.5,"{""win_prob"": 0.5, ""ev"": 0.09999999999999998, ""abs_pct"": 6.23014142420635e-05}",,,strategy1,,s1
2624,2026-06-08T18:21:26Z,KXXRP15M-26JUN081430-30,KXXRP15M-26JUN081430-30,paper,no,72,33,23.76,50,0.5,0.33,1.17385,1.1742,513,1,0,expiry,loss,-24.88,-100.0,paper_1780942886952,XRP,0.5,"{""win_prob"": 0.5, ""ev"": 0.16999999999999998, ""abs_pct"": 0.00029807528530050286}",,,strategy1,,s1
2623,2026-06-08T18:13:22Z,KXETH15M-26JUN081415-15,KXETH15M-26JUN081415-15,paper,no,118,20,23.6,50,0.5,0.2,1685.23,1685.55,98,1,0,expiry,loss,-24.93,-100.0,paper_1780942402264,ETH,0.5,"{""win_prob"": 0.5, ""ev"": 0.3, ""abs_pct"": 0.000189849010708633}",,,strategy1,,s1
2622,2026-06-08T14:54:43Z,KXETH15M-26JUN081100-00,KXETH15M-26JUN081100-00,paper,no,64,37,23.68,50,0.5,0.37,1685.725,1685.74,316,1,0,expiry,loss,-24.73,-100.0,paper_1780930483756,ETH,0.5,"{""win_prob"": 0.5, ""ev"": 0.13, ""abs_pct"": 8.898169350018416e-06}",,,strategy1,,s1
2621,2026-06-08T14:38:51Z,KXXRP15M-26JUN081045-45,KXXRP15M-26JUN081045-45,paper,no,70,34,23.8,50,0.5,0.34,1.1655,1.1659,369,1,0,expiry,loss,-24.9,-100.0,paper_1780929531292,XRP,0.5,"{""win_prob"": 0.5, ""ev"": 0.15999999999999998, ""abs_pct"": 4.288532464180759e-05}",,,strategy1,,s1
2620,2026-06-08T14:36:25Z,KXSOL15M-26JUN081045-45,KXSOL15M-26JUN081045-45,paper,no,57,42,23.94,50,0.5,0.42,66.81,66.8228,514,1,0,expiry,loss,-24.92,-100.0,paper_1780929385945,SOL,0.5,"{""win_prob"": 0.5, ""ev"": 0.08000000000000002, ""abs_pct"": 0.00019155138665243884}",,,strategy1,,s1
2619,2026-06-08T14:26:21Z,KXXRP15M-26JUN081030-30,KXXRP15M-26JUN081030-30,paper,no,58,41,23.78,50,0.5,0.41,1.16375,1.164,218,1,0,expiry,loss,-24.77,-100.0,paper_1780928781604,XRP,0.5,"{""win_prob"": 0.5, ""ev"": 0.09000000000000002, ""abs_pct"": 0.00021477663230228648}",,,strategy1,,s1
2618,2026-06-08T14:24:07Z,KXSOL15M-26JUN081030-30,KXSOL15M-26JUN081030-30,paper,no,57,42,23.94,50,0.5,0.42,66.795,66.8177,353,1,0,expiry,loss,-24.92,-100.0,paper_1780928647129,SOL,0.5,"{""win_prob"": 0.5, ""ev"": 0.08000000000000002, ""abs_pct"": 0.00033973034091266816}",,,strategy1,,s1
2617,2026-06-08T13:38:34Z,KXXRP15M-26JUN080945-45,KXXRP15M-26JUN080945-45,paper,no,63,38,23.94,50,0.5,0.38,1.16085,1.1611,385,1,100,expiry,win,38.02,163.16,paper_1780925914283,XRP,0.5,"{""win_prob"": 0.5, ""ev"": 0.12, ""abs_pct"": 0.00021531306519686805}",,,strategy1,,s1
2616,2026-06-08T13:36:08Z,KXSOL15M-26JUN080945-45,KXSOL15M-26JUN080945-45,paper,no,66,36,23.76,51,0.5141975368961326,0.36,66.78,66.815,531,1,100,expiry,win,41.17,177.78,paper_1780925768465,SOL,0.48580246310386743,"{""win_prob"": 0.5141975368961326, ""ev"": 0.12580246310386745, ""abs_pct"": 0.0005238344683079636}",,,strategy1,,s1
2615,2026-06-08T13:22:20Z,KXETH15M-26JUN080930-30,KXETH15M-26JUN080930-30,paper,no,76,31,23.56,52,0.5268763126613719,0.31,1691.3,1692.21,459,1,100,expiry,win,51.3,222.58,paper_1780924940656,ETH,0.4731236873386281,"{""win_prob"": 0.5268763126613719, ""ev"": 0.1631236873386281, ""abs_pct"": 0.000537758316048293}",,,strategy1,,s1
2614,2026-06-08T13:20:52Z,KXSOL15M-26JUN080930-30,KXSOL15M-26JUN080930-30,paper,no,58,41,23.78,50,0.5,0.41,66.86,66.8878,547,1,100,expiry,win,33.23,143.9,paper_1780924852469,SOL,0.5,"{""win_prob"": 0.5, ""ev"": 0.09000000000000002, ""abs_pct"": 0.00041562138386969165}",,,strategy1,,s1
2613,2026-06-08T12:57:22Z,KXETH15M-26JUN080900-00,KXETH15M-26JUN080900-00,paper,no,66,36,23.76,50,0.5,0.36,1690.955,1691.4,158,1,0,expiry,loss,-24.83,-100.0,paper_1780923442422,ETH,0.5,"{""win_prob"": 0.5, ""ev"": 0.14, ""abs_pct"": 0.00026309566039976566}",,,strategy1,,s1
2612,2026-06-08T12:21:14Z,KXETH15M-26JUN080830-30,KXETH15M-26JUN080830-30,paper,no,57,42,23.94,50,0.5,0.42,1671.805,1672.45,525,1,0,expiry,loss,-24.92,-100.0,paper_1780921274959,ETH,0.5,"{""win_prob"": 0.5, ""ev"": 0.08000000000000002, ""abs_pct"": 0.0003856617537145994}",,,strategy1,,s1
2611,2026-06-08T11:07:10Z,KXXRP15M-26JUN080715-15,KXXRP15M-26JUN080715-15,paper,no,70,34,23.8,50,0.5,0.34,1.14375,1.1442,469,1,0,expiry,loss,-24.9,-100.0,paper_1780916830641,XRP,0.5,"{""win_prob"": 0.5, ""ev"": 0.15999999999999998, ""abs_pct"": 0.0003932878867331423}",,,strategy1,,s1
2610,2026-06-08T01:51:45Z,KXETH15M-26JUN072200-00,KXETH15M-26JUN072200-00,paper,no,63,38,23.94,50,0.5,0.38,1681.955,1682.16,494,1,0,expiry,loss,-24.98,-100.0,paper_1780883505636,ETH,0.5,"{""win_prob"": 0.5, ""ev"": 0.12, ""abs_pct"": 0.00012186712322261533}",,,strategy1,,s1
2609,2026-06-08T01:51:23Z,KXSOL15M-26JUN072200-00,KXSOL15M-26JUN072200-00,paper,no,55,43,23.65,50,0.5,0.43,65.92,65.9268,516,1,0,expiry,loss,-24.6,-100.0,paper_1780883483377,SOL,0.5,"{""win_prob"": 0.5, ""ev"": 0.07, ""abs_pct"": 0.0001031446998792352}",,,strategy1,,s1
2608,2026-06-08T00:35:19Z,KXSOL15M-26JUN072045-45,KXSOL15M-26JUN072045-45,paper,no,57,42,23.94,50,0.5,0.42,66.475,66.4813,580,1,0,expiry,loss,-24.92,-100.0,paper_1780878919806,SOL,0.5,"{""win_prob"": 0.5, ""ev"": 0.08000000000000002, ""abs_pct"": 0.0003955999657047351}",,,strategy1,,s1
2607,2026-06-08T00:23:57Z,KXSOL15M-26JUN072030-30,KXSOL15M-26JUN072030-30,paper,no,58,41,23.78,50,0.5,0.41,66.1,66.129,362,1,0,expiry,loss,-24.77,-100.0,paper_1780878237777,SOL,0.5,"{""win_prob"": 0.5, ""ev"": 0.09000000000000002, ""abs_pct"": 0.0004385367992864034}",,,strategy1,,s1
2606,2026-06-08T00:19:46Z,KXXRP15M-26JUN072030-30,KXXRP15M-26JUN072030-30,paper,no,57,42,23.94,50,0.5,0.42,1.1491,1.1495,614,1,0,expiry,loss,-24.92,-100.0,paper_1780877986005,XRP,0.5,"{""win_prob"": 0.5, ""ev"": 0.08000000000000002, ""abs_pct"": 0.00034797738147016613}",,,strategy1,,s1
2605,2026-06-07T23:57:36Z,KXETH15M-26JUN072000-00,KXETH15M-26JUN072000-00,paper,no,88,27,23.76,50,0.5,0.27,1683.63,1683.64,144,1,0,expiry,loss,-24.98,-100.0,paper_1780876656059,ETH,0.5,"{""win_prob"": 0.5, ""ev"": 0.22999999999999998, ""abs_pct"": 5.939512009687882e-06}",,,strategy1,,s1
2604,2026-06-07T23:09:26Z,KXETH15M-26JUN071915-15,KXETH15M-26JUN071915-15,paper,no,59,40,23.6,50,0.5,0.4,1672.675,1673.17,333,1,0,expiry,loss,-24.6,-100.0,paper_1780873766666,ETH,0.5,"{""win_prob"": 0.5, ""ev"": 0.09999999999999998, ""abs_pct"": 0.00029584561042818016}",,,strategy1,,s1
2603,2026-06-07T22:50:44Z,KXXRP15M-26JUN071900-00,KXXRP15M-26JUN071900-00,paper,yes,57,42,23.94,52,0.526104614777693,0.42,1.15845,1.1575,556,1,0,expiry,loss,-24.92,-100.0,paper_1780872644218,XRP,0.526104614777693,"{""win_prob"": 0.526104614777693, ""ev"": 0.10610461477769301, ""abs_pct"": 0.0008207343412527053}",,,strategy1,,s1
2602,2026-06-07T22:48:32Z,KXSOL15M-26JUN071900-00,KXSOL15M-26JUN071900-00,paper,no,57,42,23.94,50,0.5,0.42,66.235,66.2465,688,1,100,expiry,win,32.08,138.1,paper_1780872512025,SOL,0.5,"{""win_prob"": 0.5, ""ev"": 0.08000000000000002, ""abs_pct"": 0.00017359407666817217}",,,strategy1,,s1
2601,2026-06-07T22:33:19.027718+00:00,KXETH15M-26JUN071845-45,ETH price up in next 15 mins?,paper,no,39,62,24.18,67,0.6776157820864362,0.62,1669.57,1674.34,701,1,0,expiry,loss,-24.83,-100.0,paper_1780871599027,ETH,0.32238421791356375,"{""win_prob"": 0.6776157820864362, ""ev"": 0.04112378208643625, ""vel_delta"": 2.3333333333333357, ""obi"": null, ""abs_pct"": 0.0028488837392644157, ""mins_left"": 11.688628466666668, ""strike"": 1674.34}",,,strategy2,,s2
2600,2026-06-07T22:26:29.252297+00:00,KXETH15M-26JUN071830-30,ETH price up in next 15 mins?,paper,no,44,54,23.76,75,0.75,0.54,1670.36,1674.93,210,1,100,expiry,win,19.47,85.19,paper_1780871189252,ETH,0.25,"{""win_prob"": 0.75, ""ev"": 0.19261199999999995, ""vel_delta"": 2.0, ""obi"": null, ""abs_pct"": 0.0027284722346606507, ""mins_left"": 3.5164903666666665, ""strike"": 1674.93}",,,strategy2,,s2
2599,2026-06-07T22:22:27Z,KXETH15M-26JUN071830-30,KXETH15M-26JUN071830-30,paper,yes,53,45,23.85,55,0.5589261998280717,0.45,1676.89,1674.93,452,1,0,expiry,loss,-24.77,-100.0,paper_1780870947520,ETH,0.5589261998280717,"{""win_prob"": 0.5589261998280717, ""ev"": 0.10892619982807167, ""abs_pct"": 0.0011701981575349635}",,,strategy1,,s1
2598,2026-06-07T22:21:21Z,KXSOL15M-26JUN071830-30,KXSOL15M-26JUN071830-30,paper,no,58,41,23.78,50,0.5,0.41,66.475,66.5033,518,1,100,expiry,win,33.23,143.9,paper_1780870881558,SOL,0.5,"{""win_prob"": 0.5, ""ev"": 0.09000000000000002, ""abs_pct"": 0.00042554279261332214}",,,strategy1,,s1
2597,2026-06-07T21:52:22Z,KXXRP15M-26JUN071800-00,KXXRP15M-26JUN071800-00,paper,no,55,43,23.65,50,0.5,0.43,1.12595,1.126,457,1,0,expiry,loss,-24.6,-100.0,paper_1780869142245,XRP,0.5,"{""win_prob"": 0.5, ""ev"": 0.07, ""abs_pct"": 4.44049733569125e-05}",,,strategy1,,s1
2596,2026-06-07T21:48:30Z,KXSOL15M-26JUN071800-00,KXSOL15M-26JUN071800-00,paper,no,55,43,23.65,50,0.5,0.43,64.31,64.3202,689,1,0,expiry,loss,-24.6,-100.0,paper_1780868910905,SOL,0.5,"{""win_prob"": 0.5, ""ev"": 0.07, ""abs_pct"": 0.00015858159645022163}",,,strategy1,,s1
2595,2026-06-07T21:36:04Z,KXETH15M-26JUN071745-45,KXETH15M-26JUN071745-45,paper,no,55,43,23.65,50,0.5,0.43,1627.66,1627.94,535,1,100,expiry,win,30.4,132.56,paper_1780868164592,ETH,0.5,"{""win_prob"": 0.5, ""ev"": 0.07, ""abs_pct"": 0.00017199651092790442}",,,strategy1,,s1
2594,2026-06-07T21:33:16Z,KXXRP15M-26JUN071745-45,KXXRP15M-26JUN071745-45,paper,no,59,40,23.6,50,0.5,0.4,1.12815,1.1283,703,1,100,expiry,win,34.4,150.0,paper_1780867996518,XRP,0.5,"{""win_prob"": 0.5, ""ev"": 0.09999999999999998, ""abs_pct"": 0.00013294336612611405}",,,strategy1,,s1
2593,2026-06-07T21:12:41Z,KXETH15M-26JUN071715-15,KXETH15M-26JUN071715-15,paper,no,58,41,23.78,50,0.5,0.41,1627.78,1628.3,138,1,0,expiry,loss,-24.77,-100.0,paper_1780866761499,ETH,0.5,"{""win_prob"": 0.5, ""ev"": 0.09000000000000002, ""abs_pct"": 9.519130381377678e-05}",,,strategy1,,s1
2592,2026-06-07T20:39:46Z,KXSOL15M-26JUN071645-45,KXSOL15M-26JUN071645-45,paper,no,55,43,23.65,50,0.5,0.43,64.465,64.4742,313,1,0,expiry,loss,-24.6,-100.0,paper_1780864786857,SOL,0.5,"{""win_prob"": 0.5, ""ev"": 0.07, ""abs_pct"": 0.0003753439360239187}",,,strategy1,,s1
2590,2026-06-07T17:35:58Z,KXSOL15M-26JUN071345-45,KXSOL15M-26JUN071345-45,paper,no,63,38,23.94,50,0.5,0.38,65.415,65.4358,542,1,0,expiry,loss,-24.98,-100.0,paper_1780853758154,SOL,0.5,"{""win_prob"": 0.5, ""ev"": 0.12, ""abs_pct"": 0.00031786881187353337}",,,strategy1,,s1
2591,2026-06-07T17:35:58Z,KXXRP15M-26JUN071345-45,KXXRP15M-26JUN071345-45,paper,no,58,41,23.78,50,0.5,0.41,1.14295,1.1432,541,1,0,expiry,loss,-24.77,-100.0,paper_1780853758872,XRP,0.5,"{""win_prob"": 0.5, ""ev"": 0.09000000000000002, ""abs_pct"": 0.00021868439468166855}",,,strategy1,,s1
2589,2026-06-07T17:34:48Z,KXETH15M-26JUN071345-45,KXETH15M-26JUN071345-45,paper,no,59,40,23.6,50,0.5,0.4,1636.005,1635.05,611,1,100,expiry,win,34.4,150.0,paper_1780853688354,ETH,0.5,"{""win_prob"": 0.5, ""ev"": 0.09999999999999998, ""abs_pct"": 4.892816733428779e-05}",,,strategy1,,s1
2588,2026-06-07T17:25:44Z,KXSOL15M-26JUN071330-30,KXSOL15M-26JUN071330-30,paper,no,57,42,23.94,50,0.5,0.42,65.43,65.438,255,1,100,expiry,win,32.08,138.1,paper_1780853144526,SOL,0.5,"{""win_prob"": 0.5, ""ev"": 0.08000000000000002, ""abs_pct"": 0.0001222531250954425}",,,strategy1,,s1
2587,2026-06-07T17:18:25Z,KXETH15M-26JUN071330-30,KXETH15M-26JUN071330-30,paper,no,58,41,23.78,50,0.5,0.41,1634.205,1634.91,694,1,0,expiry,loss,-24.77,-100.0,paper_1780852705296,ETH,0.5,"{""win_prob"": 0.5, ""ev"": 0.09000000000000002, ""abs_pct"": 0.00043121639723296977}",,,strategy1,,s1
2586,2026-06-07T16:20:31Z,KXXRP15M-26JUN071230-30,KXXRP15M-26JUN071230-30,paper,no,59,40,23.6,50,0.5,0.4,1.13485,1.1343,568,1,0,expiry,loss,-24.6,-100.0,paper_1780849231811,XRP,0.5,"{""win_prob"": 0.5, ""ev"": 0.09999999999999998, ""abs_pct"": 4.408004936974831e-05}",,,strategy1,,s1
2585,2026-06-07T16:18:01Z,KXETH15M-26JUN071230-30,KXETH15M-26JUN071230-30,paper,no,57,42,23.94,50,0.5,0.42,1629.11,1629.31,718,1,100,expiry,win,32.08,138.1,paper_1780849081688,ETH,0.5,"{""win_prob"": 0.5, ""ev"": 0.08000000000000002, ""abs_pct"": 0.0002761905346435273}",,,strategy1,,s1
2584,2026-06-07T15:25:48Z,KXXRP15M-26JUN071130-30,KXXRP15M-26JUN071130-30,paper,yes,55,43,23.65,53,0.5312960524974628,0.43,1.13255,1.1318,252,1,100,expiry,win,30.4,132.56,paper_1780845948064,XRP,0.5312960524974628,"{""win_prob"": 0.5312960524974628, ""ev"": 0.10129605249746282, ""abs_pct"": 0.0006626612475702673}",,,strategy1,,s1
2583,2026-06-07T15:25:25Z,KXSOL15M-26JUN071130-30,KXSOL15M-26JUN071130-30,paper,no,57,42,23.94,50,0.5,0.42,64.84,64.8453,274,1,0,expiry,loss,-24.92,-100.0,paper_1780845925381,SOL,0.5,"{""win_prob"": 0.5, ""ev"": 0.08000000000000002, ""abs_pct"": 8.173298604511354e-05}",,,strategy1,,s1
2582,2026-06-07T15:22:07Z,KXETH15M-26JUN071130-30,KXETH15M-26JUN071130-30,paper,no,85,28,23.8,52,0.5274419723938076,0.28,1624.645,1625.55,472,1,0,expiry,loss,-25.0,-100.0,paper_1780845727776,ETH,0.47255802760619237,"{""win_prob"": 0.5274419723938076, ""ev"": 0.19255802760619234, ""abs_pct"": 0.0005567346436590525}",,,strategy1,,s1
2581,2026-06-07T15:12:57Z,KXXRP15M-26JUN071115-15,KXXRP15M-26JUN071115-15,paper,no,57,42,23.94,50,0.5,0.42,1.1321,1.1326,122,1,100,expiry,win,32.08,138.1,paper_1780845177732,XRP,0.5,"{""win_prob"": 0.5, ""ev"": 0.08000000000000002, ""abs_pct"": 0.0004414621225498366}",,,strategy1,,s1
2580,2026-06-07T14:42:32Z,KXSOL15M-26JUN071045-45,KXSOL15M-26JUN071045-45,paper,no,59,40,23.6,50,0.5,0.4,64.905,64.9185,147,1,100,expiry,win,34.4,150.0,paper_1780843352567,SOL,0.5,"{""win_prob"": 0.5, ""ev"": 0.09999999999999998, ""abs_pct"": 0.00020795304882265312}",,,strategy1,,s1
2579,2026-06-07T14:40:31Z,KXETH15M-26JUN071045-45,KXETH15M-26JUN071045-45,paper,yes,55,43,23.65,53,0.5366901347766306,0.43,1629.855,1628.79,269,1,0,expiry,loss,-24.6,-100.0,paper_1780843231221,ETH,0.5366901347766306,"{""win_prob"": 0.5366901347766306, ""ev"": 0.10669013477663064, ""abs_pct"": 0.0005617667102572853}",,,strategy1,,s1
2578,2026-06-07T13:55:23Z,KXETH15M-26JUN071000-00,KXETH15M-26JUN071000-00,paper,no,59,40,23.6,50,0.5,0.4,1617.065,1617.4,276,1,0,expiry,loss,-24.6,-100.0,paper_1780840523961,ETH,0.5,"{""win_prob"": 0.5, ""ev"": 0.09999999999999998, ""abs_pct"": 0.00020712254235194532}",,,strategy1,,s1
2577,2026-06-07T13:26:14Z,KXXRP15M-26JUN070930-30,KXXRP15M-26JUN070930-30,paper,no,57,42,23.94,50,0.5,0.42,1.12205,1.1221,225,1,0,expiry,loss,-24.92,-100.0,paper_1780838774518,XRP,0.5,"{""win_prob"": 0.5, ""ev"": 0.08000000000000002, ""abs_pct"": 4.455930843962705e-05}",,,strategy1,,s1
2576,2026-06-07T13:26:13Z,KXETH15M-26JUN070930-30,KXETH15M-26JUN070930-30,paper,no,63,38,23.94,50,0.5,0.38,1617.48,1618.11,227,1,0,expiry,loss,-24.98,-100.0,paper_1780838773294,ETH,0.5,"{""win_prob"": 0.5, ""ev"": 0.12, ""abs_pct"": 0.00038934312253176967}",,,strategy1,,s1
2575,2026-06-07T12:43:00Z,KXETH15M-26JUN070845-45,KXETH15M-26JUN070845-45,paper,yes,46,52,23.92,63,0.6325996823001041,0.52,1613.06,1610.88,119,1,100,expiry,win,21.27,92.31,paper_1780836180666,ETH,0.6325996823001041,"{""win_prob"": 0.6325996823001041, ""ev"": 0.11259968230010409, ""abs_pct"": 0.0013532975764798346}",,,strategy1,,s1
2574,2026-06-07T12:23:34Z,KXXRP15M-26JUN070830-30,KXXRP15M-26JUN070830-30,paper,no,59,40,23.6,50,0.5,0.4,1.12145,1.1219,386,1,0,expiry,loss,-24.6,-100.0,paper_1780835014130,XRP,0.5,"{""win_prob"": 0.5, ""ev"": 0.09999999999999998, ""abs_pct"": 0.0004011052678490413}",,,strategy1,,s1
2573,2026-06-07T12:20:17Z,KXSOL15M-26JUN070830-30,KXSOL15M-26JUN070830-30,paper,no,85,28,23.8,50,0.5,0.28,63.99,64.0218,583,1,0,expiry,loss,-25.0,-100.0,paper_1780834817237,SOL,0.5,"{""win_prob"": 0.5, ""ev"": 0.21999999999999997, ""abs_pct"": 0.0004967058095835628}",,,strategy1,,s1
2572,2026-06-07T11:23:05Z,KXSOL15M-26JUN070730-30,KXSOL15M-26JUN070730-30,paper,no,58,41,23.78,50,0.5,0.41,64.65,64.6563,414,1,0,expiry,loss,-24.77,-100.0,paper_1780831385297,SOL,0.5,"{""win_prob"": 0.5, ""ev"": 0.09000000000000002, ""abs_pct"": 9.743830067597396e-05}",,,strategy1,,s1
2571,2026-06-07T11:22:10Z,KXETH15M-26JUN070730-30,KXETH15M-26JUN070730-30,paper,no,72,33,23.76,50,0.5,0.33,1626.405,1626.45,470,1,0,expiry,loss,-24.88,-100.0,paper_1780831330175,ETH,0.5,"{""win_prob"": 0.5, ""ev"": 0.16999999999999998, ""abs_pct"": 2.7667619662499774e-05}",,,strategy1,,s1
2570,2026-06-07T11:03:15Z,KXSOL15M-26JUN070715-15,KXSOL15M-26JUN070715-15,paper,no,55,43,23.65,50,0.5,0.43,64.63,64.6458,704,1,0,expiry,loss,-24.6,-100.0,paper_1780830195285,SOL,0.5,"{""win_prob"": 0.5, ""ev"": 0.07, ""abs_pct"": 0.0002444087628275728}",,,strategy1,,s1
2569,2026-06-07T11:03:14Z,KXETH15M-26JUN070715-15,KXETH15M-26JUN070715-15,paper,no,57,42,23.94,50,0.5,0.42,1625.055,1625.22,705,1,0,expiry,loss,-24.92,-100.0,paper_1780830194987,ETH,0.5,"{""win_prob"": 0.5, ""ev"": 0.08000000000000002, ""abs_pct"": 0.00010152471665372295}",,,strategy1,,s1
2568,2026-06-07T01:53:28Z,KXXRP15M-26JUN062200-00,KXXRP15M-26JUN062200-00,paper,no,58,41,23.78,50,0.5,0.41,1.115,1.1151,391,1,0,expiry,loss,-24.77,-100.0,paper_1780797208396,XRP,0.5,"{""win_prob"": 0.5, ""ev"": 0.09000000000000002, ""abs_pct"": 8.967805577974082e-05}",,,strategy1,,s1
2567,2026-06-07T01:51:02Z,KXSOL15M-26JUN062200-00,KXSOL15M-26JUN062200-00,paper,no,55,43,23.65,50,0.5,0.43,63.54,63.5687,537,1,0,expiry,loss,-24.6,-100.0,paper_1780797062255,SOL,0.5,"{""win_prob"": 0.5, ""ev"": 0.07, ""abs_pct"": 0.00045148005228989445}",,,strategy1,,s1
2566,2026-06-07T01:48:25Z,KXETH15M-26JUN062200-00,KXETH15M-26JUN062200-00,paper,no,57,42,23.94,50,0.5,0.42,1587.655,1587.84,694,1,0,expiry,loss,-24.92,-100.0,paper_1780796905604,ETH,0.5,"{""win_prob"": 0.5, ""ev"": 0.08000000000000002, ""abs_pct"": 0.00011651047964526995}",,,strategy1,,s1
2565,2026-06-07T01:43:21Z,KXXRP15M-26JUN062145-45,KXXRP15M-26JUN062145-45,paper,no,63,38,23.94,50,0.5,0.38,1.1136,1.114,98,1,0,expiry,loss,-24.98,-100.0,paper_1780796601594,XRP,0.5,"{""win_prob"": 0.5, ""ev"": 0.12, ""abs_pct"": 0.0003590664272892082}",,,strategy1,,s1
2564,2026-06-07T00:48:55Z,KXETH15M-26JUN062100-00,KXETH15M-26JUN062100-00,paper,no,57,42,23.94,50,0.5,0.42,1565.365,1566.05,665,1,100,expiry,win,32.08,138.1,paper_1780793335105,ETH,0.5,"{""win_prob"": 0.5, ""ev"": 0.08000000000000002, ""abs_pct"": 3.831295297081539e-05}",,,strategy1,,s1
2563,2026-06-07T00:41:34Z,KXXRP15M-26JUN062045-45,KXXRP15M-26JUN062045-45,paper,yes,53,45,23.85,53,0.5310809925969284,0.45,1.09375,1.0931,205,1,0,expiry,loss,-24.77,-100.0,paper_1780792894349,XRP,0.5310809925969284,"{""win_prob"": 0.5310809925969284, ""ev"": 0.08108099259692841, ""abs_pct"": 0.0005946390998079219}",,,strategy1,,s1
2562,2026-06-06T23:55:12Z,KXXRP15M-26JUN062000-00,KXXRP15M-26JUN062000-00,paper,no,76,31,23.56,52,0.5242530301493359,0.31,1.0927,1.0933,288,1,100,expiry,win,51.3,222.58,paper_1780790112226,XRP,0.4757469698506641,"{""win_prob"": 0.5242530301493359, ""ev"": 0.16574696985066412, ""abs_pct"": 0.0005487972194273611}",,,strategy1,,s1
2561,2026-06-06T23:55:11Z,KXSOL15M-26JUN062000-00,KXSOL15M-26JUN062000-00,paper,no,61,39,23.79,50,0.5,0.39,62.12,62.1427,288,1,0,expiry,loss,-24.81,-100.0,paper_1780790111931,SOL,0.5,"{""win_prob"": 0.5, ""ev"": 0.10999999999999999, ""abs_pct"": 0.00036528828003933505}",,,strategy1,,s1
2560,2026-06-06T23:55:00Z,KXETH15M-26JUN062000-00,KXETH15M-26JUN062000-00,paper,no,58,41,23.78,50,0.5,0.41,1566.605,1567.12,299,1,0,expiry,loss,-24.77,-100.0,paper_1780790100451,ETH,0.5,"{""win_prob"": 0.5, ""ev"": 0.09000000000000002, ""abs_pct"": 0.0003286283118075659}",,,strategy1,,s1
2559,2026-06-06T21:40:30Z,KXXRP15M-26JUN061745-45,KXXRP15M-26JUN061745-45,paper,no,59,40,23.6,50,0.5,0.4,1.09035,1.0906,269,1,100,expiry,win,34.4,150.0,paper_1780782030841,XRP,0.5,"{""win_prob"": 0.5, ""ev"": 0.09999999999999998, ""abs_pct"": 0.00022923161562450348}",,,strategy1,,s1
2558,2026-06-06T21:40:28Z,KXETH15M-26JUN061745-45,KXETH15M-26JUN061745-45,paper,no,74,32,23.68,50,0.5,0.32,1561.055,1561.06,271,1,100,expiry,win,49.19,212.5,paper_1780782028991,ETH,0.5,"{""win_prob"": 0.5, ""ev"": 0.18, ""abs_pct"": 3.2029518403403877e-06}",,,strategy1,,s1
2557,2026-06-06T20:55:37Z,KXSOL15M-26JUN061700-00,KXSOL15M-26JUN061700-00,paper,no,72,33,23.76,50,0.5,0.33,61.73,61.7345,262,1,0,expiry,loss,-24.88,-100.0,paper_1780779337501,SOL,0.5,"{""win_prob"": 0.5, ""ev"": 0.16999999999999998, ""abs_pct"": 7.289279090298246e-05}",,,strategy1,,s1
2556,2026-06-06T20:19:56Z,KXETH15M-26JUN061630-30,KXETH15M-26JUN061630-30,paper,yes,68,35,23.8,52,0.5270931620026684,0.35,1553.945,1552.98,603,1,0,expiry,loss,-24.89,-100.0,paper_1780777196389,ETH,0.5270931620026684,"{""win_prob"": 0.5270931620026684, ""ev"": 0.17709316200266845, ""abs_pct"": 0.0006213859805019499}",,,strategy1,,s1
2555,2026-06-06T19:50:44Z,KXETH15M-26JUN061600-00,KXETH15M-26JUN061600-00,paper,no,66,36,23.76,50,0.5,0.36,1554.66,1554.67,556,1,100,expiry,win,41.17,177.78,paper_1780775444186,ETH,0.5,"{""win_prob"": 0.5, ""ev"": 0.14, ""abs_pct"": 6.432233207041305e-06}",,,strategy1,,s1
2554,2026-06-06T19:35:08Z,KXSOL15M-26JUN061545-45,KXSOL15M-26JUN061545-45,paper,no,58,41,23.78,50,0.5,0.41,61.765,61.7707,591,1,100,expiry,win,33.23,143.9,paper_1780774508961,SOL,0.5,"{""win_prob"": 0.5, ""ev"": 0.09000000000000002, ""abs_pct"": 9.227675904591294e-05}",,,strategy1,,s1
2553,2026-06-06T18:57:51Z,KXETH15M-26JUN061500-00,KXETH15M-26JUN061500-00,paper,no,72,33,23.76,50,0.5,0.33,1556.005,1556.22,129,1,100,expiry,win,47.12,203.03,paper_1780772271078,ETH,0.5,"{""win_prob"": 0.5, ""ev"": 0.16999999999999998, ""abs_pct"": 0.0001381552736759058}",,,strategy1,,s1
2552,2026-06-06T18:20:28Z,KXXRP15M-26JUN061430-30,KXXRP15M-26JUN061430-30,paper,no,61,39,23.79,50,0.5,0.39,1.08045,1.0802,571,1,0,expiry,loss,-24.81,-100.0,paper_1780770028452,XRP,0.5,"{""win_prob"": 0.5, ""ev"": 0.10999999999999999, ""abs_pct"": 0.00046287724495458704}",,,strategy1,,s1
2551,2026-06-06T18:10:27Z,KXETH15M-26JUN061415-15,KXETH15M-26JUN061415-15,paper,no,61,39,23.79,53,0.5382222361068418,0.39,1551.905,1552.82,272,1,100,expiry,win,36.19,156.41,paper_1780769427416,ETH,0.46177776389315817,"{""win_prob"": 0.5382222361068418, ""ev"": 0.07177776389315815, ""abs_pct"": 0.0005892505248515369}",,,strategy1,,s1
2550,2026-06-06T18:04:58Z,KXSOL15M-26JUN061415-15,KXSOL15M-26JUN061415-15,paper,no,61,39,23.79,50,0.5,0.39,61.59,61.5983,601,1,100,expiry,win,36.19,156.41,paper_1780769098758,SOL,0.5,"{""win_prob"": 0.5, ""ev"": 0.10999999999999999, ""abs_pct"": 0.00013474397832405146}",,,strategy1,,s1
2549,2026-06-06T17:21:33Z,KXSOL15M-26JUN061330-30,KXSOL15M-26JUN061330-30,paper,no,59,40,23.6,50,0.5,0.4,61.915,61.9235,506,1,100,expiry,win,34.4,150.0,paper_1780766493392,SOL,0.5,"{""win_prob"": 0.5, ""ev"": 0.09999999999999998, ""abs_pct"": 0.0001372661429020962}",,,strategy1,,s1
2548,2026-06-06T17:13:16Z,KXETH15M-26JUN061315-15,KXETH15M-26JUN061315-15,paper,no,72,38,23.76,50,0.5,0.38,1561.305,1562.06,104,1,100,expiry,win,43.45,163.16,paper_1780765996020,ETH,0.5,"{""win_prob"": 0.5, ""ev"": 0.16999999999999998, ""abs_pct"": 0.00048333610744778164}",,,strategy1,,s1
2547,2026-06-06T16:43:09Z,KXXRP15M-26JUN061245-45,KXXRP15M-26JUN061245-45,paper,no,59,40,23.6,50,0.5,0.4,1.09075,1.0909,110,1,0,expiry,loss,-24.6,-100.0,paper_1780764189613,XRP,0.5,"{""win_prob"": 0.5, ""ev"": 0.09999999999999998, ""abs_pct"": 0.0001375011458427651}",,,strategy1,,s1
2546,2026-06-06T16:37:39Z,KXETH15M-26JUN061245-45,KXETH15M-26JUN061245-45,paper,no,63,38,23.94,50,0.5,0.38,1555.815,1555.93,440,1,0,expiry,loss,-24.98,-100.0,paper_1780763859873,ETH,0.5,"{""win_prob"": 0.5, ""ev"": 0.12, ""abs_pct"": 7.391078004795145e-05}",,,strategy1,,s1
2545,2026-06-06T16:33:26Z,KXSOL15M-26JUN061245-45,KXSOL15M-26JUN061245-45,paper,no,57,42,23.94,50,0.5,0.42,61.56,61.5612,693,1,0,expiry,loss,-24.92,-100.0,paper_1780763606880,SOL,0.5,"{""win_prob"": 0.5, ""ev"": 0.08000000000000002, ""abs_pct"": 1.9492797411311074e-05}",,,strategy1,,s1
2544,2026-06-06T16:03:10Z,KXETH15M-26JUN061215-15,KXETH15M-26JUN061215-15,paper,no,59,40,23.6,50,0.5,0.4,1560.495,1560.56,709,1,0,expiry,loss,-24.6,-100.0,paper_1780761790492,ETH,0.5,"{""win_prob"": 0.5, ""ev"": 0.09999999999999998, ""abs_pct"": 4.165171476909223e-05}",,,strategy1,,s1
2543,2026-06-06T15:25:54Z,KXXRP15M-26JUN061130-30,KXXRP15M-26JUN061130-30,paper,no,74,32,23.68,50,0.5,0.32,1.0908,1.0911,245,1,0,expiry,loss,-24.81,-100.0,paper_1780759554462,XRP,0.5,"{""win_prob"": 0.5, ""ev"": 0.18, ""abs_pct"": 0.00027495188342037115}",,,strategy1,,s1
2542,2026-06-06T14:53:06Z,KXETH15M-26JUN061100-00,KXETH15M-26JUN061100-00,paper,yes,55,43,23.65,53,0.5350467556205591,0.43,1563.99,1562.95,413,1,0,expiry,loss,-24.6,-100.0,paper_1780757586642,ETH,0.5350467556205591,"{""win_prob"": 0.5350467556205591, ""ev"": 0.10504675562055915, ""abs_pct"": 0.0006654083623916079}",,,strategy1,,s1
2541,2026-06-06T13:36:42Z,KXXRP15M-26JUN060945-45,KXXRP15M-26JUN060945-45,paper,yes,64,37,23.68,51,0.5168820628698343,0.37,1.09535,1.0948,498,1,100,expiry,win,39.27,170.27,paper_1780753002129,XRP,0.5168820628698343,"{""win_prob"": 0.5168820628698343, ""ev"": 0.1468820628698343, ""abs_pct"": 0.0005023748629887199}",,,strategy1,,s1
2540,2026-06-06T13:20:49Z,KXETH15M-26JUN060930-30,KXETH15M-26JUN060930-30,paper,no,59,40,23.6,50,0.5,0.4,1567.51,1567.63,551,1,100,expiry,win,34.4,150.0,paper_1780752049181,ETH,0.5,"{""win_prob"": 0.5, ""ev"": 0.09999999999999998, ""abs_pct"": 7.654867538903837e-05}",,,strategy1,,s1
2539,2026-06-06T12:43:06Z,KXXRP15M-26JUN060845-45,KXXRP15M-26JUN060845-45,paper,no,85,28,23.8,50,0.5,0.28,1.08255,1.083,113,1,0,expiry,loss,-25.0,-100.0,paper_1780749786430,XRP,0.5,"{""win_prob"": 0.5, ""ev"": 0.21999999999999997, ""abs_pct"": 0.000415512465374018}",,,strategy1,,s1
2538,2026-06-06T12:12:39Z,KXXRP15M-26JUN060815-15,KXXRP15M-26JUN060815-15,paper,no,55,43,23.65,50,0.5,0.43,1.08685,1.087,141,1,0,expiry,loss,-24.6,-100.0,paper_1780747959251,XRP,0.5,"{""win_prob"": 0.5, ""ev"": 0.07, ""abs_pct"": 0.00013799448022067383}",,,strategy1,,s1
2537,2026-06-06T11:34:23Z,KXETH15M-26JUN060745-45,KXETH15M-26JUN060745-45,paper,no,57,42,23.94,50,0.5,0.42,1563.005,1563.26,637,1,100,expiry,win,32.08,138.1,paper_1780745663091,ETH,0.5,"{""win_prob"": 0.5, ""ev"": 0.08000000000000002, ""abs_pct"": 0.00016312065811181875}",,,strategy1,,s1
2536,2026-06-06T01:54:35Z,KXETH15M-26JUN052200-00,KXETH15M-26JUN052200-00,paper,no,63,38,23.94,50,0.5,0.38,1583.765,1584.02,324,1,100,expiry,win,38.02,163.16,paper_1780710875951,ETH,0.5,"{""win_prob"": 0.5, ""ev"": 0.12, ""abs_pct"": 0.00016098281587346232}",,,strategy1,,s1
2535,2026-06-06T01:49:17Z,KXSOL15M-26JUN052200-00,KXSOL15M-26JUN052200-00,paper,no,55,43,23.65,50,0.5,0.43,64.06,64.0452,642,1,100,expiry,win,30.4,132.56,paper_1780710557401,SOL,0.5,"{""win_prob"": 0.5, ""ev"": 0.07, ""abs_pct"": 3.1227945262475325e-06}",,,strategy1,,s1
2534,2026-06-06T01:11:24Z,KXSOL15M-26JUN052115-15,KXSOL15M-26JUN052115-15,paper,no,74,32,23.68,50,0.5,0.32,64.65,64.6672,215,1,100,expiry,win,49.19,212.5,paper_1780708284868,SOL,0.5,"{""win_prob"": 0.5, ""ev"": 0.18, ""abs_pct"": 0.00026597718781682734}",,,strategy1,,s1
2533,2026-06-06T01:10:51Z,KXXRP15M-26JUN052115-15,KXXRP15M-26JUN052115-15,paper,no,58,41,23.78,50,0.5,0.41,1.11075,1.1109,248,1,100,expiry,win,33.23,143.9,paper_1780708251982,XRP,0.5,"{""win_prob"": 0.5, ""ev"": 0.09000000000000002, ""abs_pct"": 0.00013502565487451122}",,,strategy1,,s1
2532,2026-06-06T01:08:27Z,KXETH15M-26JUN052115-15,KXETH15M-26JUN052115-15,paper,no,57,42,23.94,50,0.5,0.42,1592.255,1592.86,392,1,100,expiry,win,32.08,138.1,paper_1780708107466,ETH,0.5,"{""win_prob"": 0.5, ""ev"": 0.08000000000000002, ""abs_pct"": 0.0003798199465111754}",,,strategy1,,s1
2531,2026-06-06T00:51:11Z,KXETH15M-26JUN052100-00,KXETH15M-26JUN052100-00,paper,no,61,39,23.79,50,0.5,0.39,1593.125,1593.13,528,1,100,expiry,win,36.19,156.41,paper_1780707071990,ETH,0.5,"{""win_prob"": 0.5, ""ev"": 0.10999999999999999, ""abs_pct"": 3.1384758306661345e-06}",,,strategy1,,s1
2530,2026-06-06T00:36:16Z,KXXRP15M-26JUN052045-45,KXXRP15M-26JUN052045-45,paper,no,57,42,23.94,50,0.5,0.42,1.1046,1.1047,524,1,0,expiry,loss,-24.92,-100.0,paper_1780706176043,XRP,0.5,"{""win_prob"": 0.5, ""ev"": 0.08000000000000002, ""abs_pct"": 9.05223137503295e-05}",,,strategy1,,s1
2529,2026-06-05T23:12:09Z,KXXRP15M-26JUN051915-15,KXXRP15M-26JUN051915-15,paper,no,57,42,23.94,50,0.5,0.42,1.10675,1.1069,170,1,0,expiry,loss,-24.92,-100.0,paper_1780701129693,XRP,0.5,"{""win_prob"": 0.5, ""ev"": 0.08000000000000002, ""abs_pct"": 0.0003161983919053866}",,,strategy1,,s1
2528,2026-06-05T22:53:40Z,KXETH15M-26JUN051900-00,KXETH15M-26JUN051900-00,paper,no,66,36,23.76,56,0.5654771561479539,0.36,1597.755,1599.66,379,1,100,expiry,win,41.17,177.78,paper_1780700020505,ETH,0.4345228438520461,"{""win_prob"": 0.5654771561479539, ""ev"": 0.0745228438520461, ""abs_pct"": 0.0011908780615880704}",,,strategy1,,s1
2527,2026-06-05T22:25:11Z,KXSOL15M-26JUN051830-30,KXSOL15M-26JUN051830-30,paper,no,72,33,23.76,52,0.5298827469773584,0.33,64.27,64.3223,289,1,100,expiry,win,47.12,203.03,paper_1780698311044,SOL,0.4701172530226416,"{""win_prob"": 0.5298827469773584, ""ev"": 0.1401172530226416, ""abs_pct"": 0.000813092815399985}",,,strategy1,,s1
2526,2026-06-05T22:24:59Z,KXETH15M-26JUN051830-30,KXETH15M-26JUN051830-30,paper,no,55,43,23.65,50,0.5,0.43,1594.22,1594.74,300,1,100,expiry,win,30.4,132.56,paper_1780698299858,ETH,0.5,"{""win_prob"": 0.5, ""ev"": 0.07, ""abs_pct"": 0.00032607196157366205}",,,strategy1,,s1
2525,2026-06-05T21:25:14.347353+00:00,KXETH15M-26JUN051730-30,ETH price up in next 15 mins?,paper,no,40,60,24.0,66,0.6629728424338299,0.6,1609.405,1612.08,285,1,100,expiry,win,15.32,66.67,paper_1780694714347,ETH,0.3370271575661701,"{""win_prob"": 0.6629728424338299, ""ev"": 0.04617284243382994, ""vel_delta"": 8.0, ""obi"": null, ""abs_pct"": 0.0016593469306733877, ""mins_left"": 4.764871266666666, ""strike"": 1612.08}",,,strategy2,,s2
2524,2026-06-05T21:18:40Z,KXXRP15M-26JUN051730-30,KXXRP15M-26JUN051730-30,paper,no,59,40,23.6,50,0.5,0.4,1.11635,1.1166,680,1,100,expiry,win,34.4,150.0,paper_1780694320168,XRP,0.5,"{""win_prob"": 0.5, ""ev"": 0.09999999999999998, ""abs_pct"": 0.0002238939638188102}",,,strategy1,,s1
2523,2026-06-05T21:12:12Z,KXSOL15M-26JUN051715-15,KXSOL15M-26JUN051715-15,paper,no,118,20,23.6,57,0.5747961342912922,0.2,64.575,64.6503,168,1,0,expiry,loss,-24.93,-100.0,paper_1780693932183,SOL,0.42520386570870783,"{""win_prob"": 0.5747961342912922, ""ev"": 0.22520386570870782, ""abs_pct"": 0.0015514235819478683}",,,strategy1,,s1
2522,2026-06-05T21:08:20Z,KXXRP15M-26JUN051715-15,KXXRP15M-26JUN051715-15,paper,no,58,41,23.78,50,0.5,0.41,1.1162,1.1159,399,1,0,expiry,loss,-24.77,-100.0,paper_1780693700849,XRP,0.5,"{""win_prob"": 0.5, ""ev"": 0.09000000000000002, ""abs_pct"": 8.96137646742441e-05}",,,strategy1,,s1
2521,2026-06-05T20:55:18Z,KXSOL15M-26JUN051700-00,KXSOL15M-26JUN051700-00,paper,no,85,28,23.8,50,0.5,0.28,64.42,64.4278,281,1,0,expiry,loss,-25.0,-100.0,paper_1780692918655,SOL,0.5,"{""win_prob"": 0.5, ""ev"": 0.21999999999999997, ""abs_pct"": 0.0001210657511199069}",,,strategy1,,s1
2520,2026-06-05T20:34:54.796736+00:00,KXETH15M-26JUN051645-45,ETH price up in next 15 mins?,paper,no,35,69,24.15,74,0.7497550050150592,0.69,1590.235,1596.41,605,1,0,expiry,loss,-24.68,-100.0,paper_1780691694796,ETH,0.2502449949849408,"{""win_prob"": 0.7497550050150592, ""ev"": 0.04478200501505926, ""vel_delta"": 9.666666666666668, ""obi"": null, ""abs_pct"": 0.0038680539460415444, ""mins_left"": 10.090731566666667, ""strike"": 1596.41}",,,strategy2,,s2
2519,2026-06-05T20:09:20Z,KXXRP15M-26JUN051615-15,KXXRP15M-26JUN051615-15,paper,no,70,34,23.8,50,0.5,0.34,1.1002,1.1004,340,1,0,expiry,loss,-24.9,-100.0,paper_1780690160047,XRP,0.5,"{""win_prob"": 0.5, ""ev"": 0.15999999999999998, ""abs_pct"": 0.0001817520901490167}",,,strategy1,,s1
2518,2026-06-05T19:40:27Z,KXXRP15M-26JUN051545-45,KXXRP15M-26JUN051545-45,paper,no,68,35,23.8,50,0.5,0.35,1.0854,1.0857,272,1,0,expiry,loss,-24.89,-100.0,paper_1780688427403,XRP,0.5,"{""win_prob"": 0.5, ""ev"": 0.15000000000000002, ""abs_pct"": 0.00027631942525576953}",,,strategy1,,s1
2517,2026-06-05T19:24:30Z,KXETH15M-26JUN051530-30,KXETH15M-26JUN051530-30,paper,no,59,40,23.6,50,0.5,0.4,1550.985,1551.01,329,1,0,expiry,loss,-24.6,-100.0,paper_1780687470474,ETH,0.5,"{""win_prob"": 0.5, ""ev"": 0.09999999999999998, ""abs_pct"": 1.6118529216504695e-05}",,,strategy1,,s1
2516,2026-06-05T19:23:24.443071+00:00,KXETH15M-26JUN051530-30,ETH price up in next 15 mins?,paper,no,48,50,24.0,62,0.6215711249354857,0.5,1548.335,1551.01,395,1,0,expiry,loss,-24.85,-100.0,paper_1780687404443,ETH,0.3784288750645143,"{""win_prob"": 0.6215711249354857, ""ev"": 0.10407112493548572, ""vel_delta"": 7.333333333333336, ""obi"": null, ""abs_pct"": 0.001724682626159699, ""mins_left"": 6.596625666666667, ""strike"": 1551.01}",,,strategy2,,s2
2515,2026-06-05T19:20:51Z,KXSOL15M-26JUN051530-30,KXSOL15M-26JUN051530-30,paper,no,59,40,23.6,52,0.5263742566393464,0.4,61.825,61.8862,549,1,0,expiry,loss,-24.6,-100.0,paper_1780687251070,SOL,0.47362574336065355,"{""win_prob"": 0.5263742566393464, ""ev"": 0.07362574336065353, ""abs_pct"": 0.0009889119060468969}",,,strategy1,,s1
2514,2026-06-05T19:05:49.965859+00:00,KXETH15M-26JUN051515-15,ETH price up in next 15 mins?,paper,no,46,52,23.92,64,0.6417946455475381,0.52,1549.115,1552.82,550,1,100,expiry,win,21.27,92.31,paper_1780686349965,ETH,0.35820535445246193,"{""win_prob"": 0.6417946455475381, ""ev"": 0.10432264554753805, ""vel_delta"": 0.6666666666666643, ""obi"": null, ""abs_pct"": 0.002385981633415288, ""mins_left"": 9.171319949999999, ""strike"": 1552.82}",,,strategy2,,s2
2513,2026-06-05T19:04:29Z,KXETH15M-26JUN051515-15,KXETH15M-26JUN051515-15,paper,yes,59,40,23.6,56,0.567592215601453,0.4,1555.28,1552.82,630,1,100,expiry,win,34.4,150.0,paper_1780686269640,ETH,0.567592215601453,"{""win_prob"": 0.567592215601453, ""ev"": 0.167592215601453, ""abs_pct"": 0.0015842145258304482}",,,strategy1,,s1
2512,2026-06-05T18:41:49Z,KXSOL15M-26JUN051445-45,KXSOL15M-26JUN051445-45,paper,no,61,39,23.79,50,0.5,0.39,64.005,64.0098,190,1,100,expiry,win,36.19,156.41,paper_1780684909997,SOL,0.5,"{""win_prob"": 0.5, ""ev"": 0.10999999999999999, ""abs_pct"": 7.498851738332293e-05}",,,strategy1,,s1
2511,2026-06-05T18:33:46Z,KXXRP15M-26JUN051445-45,KXXRP15M-26JUN051445-45,paper,no,61,39,23.79,51,0.5144956701138332,0.39,1.09585,1.0964,673,1,100,expiry,win,36.19,156.41,paper_1780684426688,XRP,0.48550432988616676,"{""win_prob"": 0.5144956701138332, ""ev"": 0.09550432988616675, ""abs_pct"": 0.0005016417365925305}",,,strategy1,,s1
2510,2026-06-05T18:13:18Z,KXSOL15M-26JUN051415-15,KXSOL15M-26JUN051415-15,paper,no,85,28,23.8,50,0.5,0.28,65.025,65.0287,101,1,100,expiry,win,60.0,257.14,paper_1780683198414,SOL,0.5,"{""win_prob"": 0.5, ""ev"": 0.21999999999999997, ""abs_pct"": 5.6897954287797994e-05}",,,strategy1,,s1
2509,2026-06-05T18:05:50Z,KXXRP15M-26JUN051415-15,KXXRP15M-26JUN051415-15,paper,no,55,43,23.65,50,0.5,0.43,1.10805,1.1085,549,1,0,expiry,loss,-24.6,-100.0,paper_1780682750959,XRP,0.5,"{""win_prob"": 0.5, ""ev"": 0.07, ""abs_pct"": 0.0004059539918809756}",,,strategy1,,s1
2508,2026-06-05T17:33:24Z,KXSOL15M-26JUN051345-45,KXSOL15M-26JUN051345-45,paper,no,55,43,23.65,50,0.5,0.43,64.83,64.8397,695,1,0,expiry,loss,-24.6,-100.0,paper_1780680804591,SOL,0.5,"{""win_prob"": 0.5, ""ev"": 0.07, ""abs_pct"": 0.0001495997051188571}",,,strategy1,,s1
2507,2026-06-05T17:09:29Z,KXSOL15M-26JUN051315-15,KXSOL15M-26JUN051315-15,paper,no,55,43,23.65,50,0.5,0.43,65.855,65.8563,330,1,100,expiry,win,30.4,132.56,paper_1780679369512,SOL,0.5,"{""win_prob"": 0.5, ""ev"": 0.07, ""abs_pct"": 1.973994894946304e-05}",,,strategy1,,s1
2506,2026-06-05T17:04:39.341820+00:00,KXETH15M-26JUN051315-15,ETH price up in next 15 mins?,paper,no,48,50,24.0,62,0.6288217807922905,0.5,1605.765,1608.84,620,1,100,expiry,win,23.15,100.0,paper_1780679079341,ETH,0.37117821920770955,"{""win_prob"": 0.6288217807922905, ""ev"": 0.11132178079229045, ""vel_delta"": 0.5, ""obi"": null, ""abs_pct"": 0.0019113149847093671, ""mins_left"": 10.348308333333334, ""strike"": 1608.84}",,,strategy2,,s2
2504,2026-06-05T16:18:23Z,KXETH15M-26JUN051230-30,KXETH15M-26JUN051230-30,paper,yes,35,68,23.8,75,0.75,0.68,1593.895,1587.05,696,1,100,expiry,win,10.66,47.06,paper_1780676303814,ETH,0.75,"{""win_prob"": 0.75, ""ev"": 0.05476799999999995, ""momentum_pct"": 1.0, ""abs_pct"": 0.004313033615828126, ""mins_left"": 11.607322466666666, ""strike"": 1587.05}",,,strategy1,,s1
2505,2026-06-05T16:18:23.949629+00:00,KXETH15M-26JUN051230-30,ETH price up in next 15 mins?,paper,yes,35,68,23.8,75,0.75,0.68,1593.895,1587.05,696,1,100,expiry,win,10.66,47.06,paper_1780676303949,ETH,0.75,"{""win_prob"": 0.75, ""ev"": 0.05476799999999995, ""vel_delta"": 14.666666666666664, ""obi"": null, ""abs_pct"": 0.004313033615828126, ""mins_left"": 11.607322466666666, ""strike"": 1587.05}",,,strategy2,,s2
2503,2026-06-05T15:56:26Z,KXETH15M-26JUN051200-00,KXETH15M-26JUN051200-00,paper,no,55,43,23.65,50,0.5,0.43,1583.525,1583.76,213,1,100,expiry,win,30.4,132.56,paper_1780674986757,ETH,0.5,"{""win_prob"": 0.5, ""ev"": 0.07, ""abs_pct"": 0.00014838106783849822}",,,strategy1,,s1
2502,2026-06-05T15:55:09.549672+00:00,KXETH15M-26JUN051200-00,ETH price up in next 15 mins?,paper,no,41,58,23.78,65,0.6501246854194702,0.58,1581.33,1583.76,290,1,100,expiry,win,16.52,72.41,paper_1780674909549,ETH,0.3498753145805298,"{""win_prob"": 0.6501246854194702, ""ev"": 0.05307268541947025, ""vel_delta"": 8.5, ""obi"": null, ""abs_pct"": 0.0015343233823306964, ""mins_left"": 4.845362733333333, ""strike"": 1583.76}",,,strategy2,,s2
2501,2026-06-05T15:35:14Z,KXSOL15M-26JUN051145-45,KXSOL15M-26JUN051145-45,paper,no,63,38,23.94,51,0.5130912117251524,0.38,64.48,64.5127,585,1,100,expiry,win,38.02,163.16,paper_1780673714741,SOL,0.4869087882748476,"{""win_prob"": 0.5130912117251524, ""ev"": 0.10690878827484762, ""abs_pct"": 0.0005068769405092531}",,,strategy1,,s1
2500,2026-06-05T15:34:52Z,KXXRP15M-26JUN051145-45,KXXRP15M-26JUN051145-45,paper,no,57,42,23.94,50,0.5,0.42,1.1031,1.1034,607,1,100,expiry,win,32.08,138.1,paper_1780673692689,XRP,0.5,"{""win_prob"": 0.5, ""ev"": 0.08000000000000002, ""abs_pct"": 0.00027188689505162856}",,,strategy1,,s1
2499,2026-06-05T14:35:00Z,KXXRP15M-26JUN051045-45,KXXRP15M-26JUN051045-45,paper,no,76,31,23.56,53,0.5304198563752531,0.31,1.1064,1.1075,599,1,100,expiry,win,51.3,222.58,paper_1780670100574,XRP,0.46958014362474687,"{""win_prob"": 0.5304198563752531, ""ev"": 0.15958014362474687, ""abs_pct"": 0.0009932279909705454}",,,strategy1,,s1
2498,2026-06-05T14:19:16.288874+00:00,KXETH15M-26JUN051030-30,ETH price up in next 15 mins?,paper,no,53,45,23.85,58,0.5888151645187767,0.45,1608.655,1611.44,644,1,100,expiry,win,28.23,122.22,paper_1780669156288,ETH,0.4111848354812233,"{""win_prob"": 0.5888151645187767, ""ev"": 0.12149016451877667, ""vel_delta"": 4.333333333333336, ""obi"": null, ""abs_pct"": 0.0017282678846249826, ""mins_left"": 10.735070116666666, ""strike"": 1611.44}",,,strategy2,,s2
2496,2026-06-05T14:03:00Z,KXETH15M-26JUN051015-15,KXETH15M-26JUN051015-15,paper,yes,44,55,24.2,62,0.6215304374133648,0.55,1621.69,1616.77,719,1,0,expiry,loss,-24.97,-100.0,paper_1780668180563,ETH,0.6215304374133648,"{""win_prob"": 0.6215304374133648, ""ev"": 0.07153043741336473, ""abs_pct"": 0.0030431044613643704}",,,strategy1,,s1
2497,2026-06-05T14:03:00.891281+00:00,KXETH15M-26JUN051015-15,ETH price up in next 15 mins?,paper,yes,44,55,24.2,64,0.6457754503579518,0.55,1621.69,1616.77,719,1,0,expiry,loss,-24.97,-100.0,paper_1780668180891,ETH,0.6457754503579518,"{""win_prob"": 0.6457754503579518, ""ev"": 0.07845045035795176, ""vel_delta"": 6.166666666666664, ""obi"": null, ""abs_pct"": 0.0030431044613643704, ""mins_left"": 11.9960646, ""strike"": 1616.77}",,,strategy2,,s2
2495,2026-06-05T13:34:43Z,KXXRP15M-26JUN050945-45,KXXRP15M-26JUN050945-45,paper,no,64,37,23.68,50,0.5,0.37,1.1333,1.1331,616,1,100,expiry,win,39.27,170.27,paper_1780666483383,XRP,0.5,"{""win_prob"": 0.5, ""ev"": 0.13, ""abs_pct"": 0.00026476039184535077}",,,strategy1,,s1
2494,2026-06-05T13:27:54Z,KXETH15M-26JUN050930-30,KXETH15M-26JUN050930-30,paper,no,64,37,23.68,50,0.5,0.37,1666.19,1666.35,125,1,100,expiry,win,39.27,170.27,paper_1780666074484,ETH,0.5,"{""win_prob"": 0.5, ""ev"": 0.13, ""abs_pct"": 9.601824346617127e-05}",,,strategy1,,s1
2493,2026-06-05T13:18:18Z,KXXRP15M-26JUN050930-30,KXXRP15M-26JUN050930-30,paper,no,55,43,23.65,50,0.5,0.43,1.12595,1.1265,702,1,0,expiry,loss,-24.6,-100.0,paper_1780665498120,XRP,0.5,"{""win_prob"": 0.5, ""ev"": 0.07, ""abs_pct"": 0.0004882379050155796}",,,strategy1,,s1
2492,2026-06-05T12:11:18Z,KXETH15M-26JUN050815-15,KXETH15M-26JUN050815-15,paper,no,64,37,23.68,50,0.5,0.37,1662.475,1662.98,221,1,100,expiry,win,39.27,170.27,paper_1780661478854,ETH,0.5,"{""win_prob"": 0.5, ""ev"": 0.13, ""abs_pct"": 0.000303671721848795}",,,strategy1,,s1
2491,2026-06-05T12:10:57Z,KXXRP15M-26JUN050815-15,KXXRP15M-26JUN050815-15,paper,no,68,35,23.8,50,0.5,0.35,1.11805,1.1183,243,1,100,expiry,win,43.11,185.71,paper_1780661457258,XRP,0.5,"{""win_prob"": 0.5, ""ev"": 0.15000000000000002, ""abs_pct"": 0.00022355360815531027}",,,strategy1,,s1
2490,2026-06-05T11:48:54Z,KXETH15M-26JUN050800-00,KXETH15M-26JUN050800-00,paper,no,55,43,23.65,50,0.5,0.43,1667.405,1667.46,666,1,100,expiry,win,30.4,132.56,paper_1780660134311,ETH,0.5,"{""win_prob"": 0.5, ""ev"": 0.07, ""abs_pct"": 3.2984299473488815e-05}",,,strategy1,,s1
